year,month,abondance,angler,angus,aubrac,ayrshire,bazadaise,bison,blonded_aquitaine,bordelaise,braunvieh,charolais,chianina,daenische_rotbunte,dahomey,dexter,eringer,evolene,galloway,gasconne,gelbvieh,grauvieh,guernsey,hereford,highland_cattle,hinterwaelder,holstein,inra95,jersey,kiwicross,kreuzung,limousin,low_line,luing,maine_anjou,marchigiana,montbeliarde,murnau_werdenfelser,normande,norwegische_rotbunte,original_braunvieh,parthenaise,piemonteser,pinzgauer,pustertaler_sprinzen,rasseunbekannt,ratisches_grauvieh,red_holstein,romagnola,rotes_hoehenvieh,rotfleckvieh,salers,schwedische_rotbunte,shorthorn,simmental,swiss_fleckvieh,tarentaise,texas_longhorn,tuxer,valdostana,vosgienne,wagyu,wasserbueffel,weissblaue_belgier,welsh_black,yak,zebu,zwergzebu
2010,1,,,1147,119,7.0,,0.0,131,0.0,13245,304,0.0,,,84,664,44.0,153,0.0,0.0,278,,61,112,98,7394,0.0,341,7.0,12899,3604,0.0,9.0,,0.0,914,0.0,122,,10.0,,105,49.0,0.0,46,0,1071,0.0,0.0,17139,56,0.0,0.0,2749,428,0.0,0.0,,0.0,,,22,70,0.0,,,0.0
2010,2,0.0,5.0,1050,81,8.0,,0.0,132,0.0,12123,334,,,,86,336,39.0,136,,0.0,231,0.0,52,111,98,6997,0.0,292,20.0,12627,3417,0.0,21.0,0.0,0.0,732,0.0,122,0.0,7.0,7.0,76,30.0,0.0,43,0,1066,0.0,0.0,16758,57,0.0,,2532,414,,0.0,0.0,0.0,0.0,,12,50,0.0,,7.0,0.0
2010,3,0.0,,1326,139,7.0,,0.0,158,0.0,12375,319,,,,142,203,23.0,232,0.0,,262,0.0,80,256,120,6467,0.0,269,14.0,13664,3770,0.0,19.0,0.0,0.0,707,0.0,91,0.0,15.0,10.0,98,16.0,0.0,26,0,963,,0.0,15538,60,0.0,,2537,416,,0.0,0.0,0.0,,0.0,18,61,0.0,5.0,15.0,0.0
2010,4,0.0,,1255,151,,,8.0,110,0.0,9066,338,0.0,0.0,,142,106,17.0,238,0.0,,172,0.0,71,382,60,5158,0.0,181,7.0,12172,3515,0.0,5.0,,0.0,615,0.0,105,0.0,7.0,5.0,78,12.0,0.0,43,0,839,0.0,0.0,12093,46,0.0,,1711,302,,,,0.0,,0.0,18,50,0.0,33.0,12.0,0.0
2010,5,0.0,,1035,73,,,95.0,113,0.0,7900,263,,,,103,67,14.0,160,0.0,,129,0.0,72,257,76,4852,0.0,183,0.0,10976,2910,0.0,,0.0,0.0,543,0.0,75,,,,88,,0.0,49,0,757,0.0,0.0,10185,32,0.0,,1242,268,0.0,0.0,,0.0,,,16,49,0.0,36.0,5.0,0.0
2010,6,0.0,,898,102,,,0.0,116,0.0,7464,256,,,,82,41,13.0,149,0.0,,109,0.0,65,195,69,4824,0.0,190,0.0,10492,2785,0.0,9.0,,0.0,546,0.0,80,0.0,5.0,0.0,73,12.0,0.0,27,0,768,0.0,0.0,9539,39,0.0,,947,255,,0.0,0.0,0.0,,,16,70,0.0,43.0,8.0,0.0
2010,7,0.0,,1089,125,,5.0,5.0,126,0.0,10524,298,,6.0,,95,38,12.0,160,0.0,,151,0.0,73,149,66,6272,0.0,248,0.0,12494,3374,0.0,8.0,0.0,0.0,605,0.0,69,0.0,,0.0,79,8.0,0.0,38,0,1042,,0.0,12079,53,,,1032,261,,,,0.0,,,48,63,0.0,17.0,,0.0
2010,8,,,1391,154,,,0.0,146,0.0,12892,323,0.0,,,72,79,25.0,135,0.0,,218,0.0,87,156,51,7442,0.0,292,,13190,3860,0.0,,0.0,0.0,857,0.0,75,0.0,,,87,,0.0,35,0,1252,0.0,0.0,13982,52,0.0,,1473,345,0.0,0.0,,0.0,0.0,,68,58,0.0,5.0,8.0,0.0
2010,9,0.0,,1393,163,,,,152,0.0,18136,289,0.0,,0.0,100,301,16.0,154,,,268,0.0,84,127,78,7811,,374,0.0,14241,4279,0.0,6.0,0.0,0.0,973,0.0,129,0.0,11.0,,99,15.0,0.0,50,0,1299,0.0,0.0,15949,64,0.0,,2833,463,0.0,,,0.0,,,65,53,0.0,,,0.0
2010,10,,,1456,142,,,,155,0.0,20566,378,0.0,0.0,,85,1478,50.0,137,0.0,,412,0.0,76,141,82,7807,,420,,15076,4257,0.0,,0.0,,1104,0.0,154,0.0,26.0,,127,38.0,0.0,57,0,1429,,0.0,16731,80,0.0,0.0,4136,554,0.0,0.0,,0.0,,,37,83,0.0,6.0,9.0,0.0
2010,11,0.0,,1448,165,,0.0,,161,0.0,16952,362,0.0,,,91,1966,82.0,147,0.0,,373,0.0,70,148,77,7557,5.0,358,,14814,4288,0.0,5.0,0.0,0.0,1044,0.0,138,,18.0,,132,33.0,0.0,40,0,1499,,0.0,16425,77,0.0,,3617,570,,0.0,,0.0,,,28,73,0.0,,5.0,0.0
2010,12,,,1355,152,7.0,,0.0,140,0.0,14140,323,0.0,6.0,,147,1093,43.0,182,0.0,0.0,314,0.0,72,130,86,7436,,312,0.0,14238,4203,0.0,22.0,0.0,0.0,906,0.0,134,0.0,16.0,0.0,118,45.0,0.0,40,0,1500,0.0,0.0,15858,59,,0.0,3128,615,0.0,0.0,,0.0,,,31,76,0.0,,7.0,0.0
2011,1,0.0,,1304,114,12.0,,0.0,161,0.0,12470,308,,,,85,648,42.0,166,0.0,,292,0.0,72,108,114,7425,,312,,14095,4052,0.0,10.0,,0.0,884,0.0,143,0.0,8.0,12.0,110,26.0,0.0,41,0,1574,0.0,0.0,15517,46,0.0,,2775,619,0.0,,,0.0,5.0,,38,81,0.0,0.0,11.0,0.0
2011,2,,0.0,1177,110,11.0,0.0,,98,0.0,11379,307,,,,117,316,26.0,142,0.0,,250,0.0,72,111,107,6845,12.0,308,13.0,13783,3771,0.0,13.0,,0.0,791,0.0,138,0.0,13.0,,106,20.0,0.0,44,0,1322,,0.0,14884,70,,,2569,611,0.0,0.0,,0.0,,0.0,13,81,0.0,0.0,6.0,0.0
2011,3,0.0,,1453,157,,0.0,0.0,154,0.0,11238,353,0.0,5.0,,154,194,20.0,216,0.0,0.0,265,0.0,106,271,102,6681,18.0,285,5.0,15159,4181,0.0,17.0,0.0,0.0,768,0.0,139,0.0,7.0,11.0,116,14.0,0.0,49,0,1245,0.0,0.0,14818,63,0.0,,2543,585,5.0,,0.0,0.0,,,13,79,0.0,11.0,8.0,0.0
2011,4,0.0,,1247,133,,6.0,0.0,110,0.0,8634,328,,,,133,96,13.0,197,0.0,0.0,190,0.0,96,378,75,4854,7.0,221,0.0,12565,3587,0.0,16.0,,0.0,524,0.0,103,0.0,9.0,,105,10.0,0.0,53,0,896,0.0,0.0,10310,59,0.0,,1840,420,0.0,0.0,,0.0,,,21,60,0.0,32.0,10.0,0.0
2011,5,0.0,,1122,108,0.0,,104.0,98,0.0,7376,278,,5.0,0.0,117,51,8.0,176,0.0,0.0,151,0.0,83,280,75,4992,11.0,193,,11587,3270,0.0,,0.0,0.0,506,0.0,99,0.0,,,80,5.0,0.0,40,0,920,0.0,0.0,9573,51,0.0,0.0,1363,373,,0.0,,0.0,0.0,5.0,24,88,0.0,42.0,9.0,0.0
2011,6,,,864,97,,0.0,5.0,108,0.0,6986,277,,,,99,40,12.0,142,0.0,0.0,138,0.0,58,176,59,5071,7.0,205,,11197,3025,0.0,9.0,,0.0,566,0.0,67,0.0,6.0,,87,5.0,0.0,39,0,990,0.0,0.0,8965,43,0.0,0.0,972,344,,,,0.0,,,17,93,0.0,33.0,7.0,0.0
2011,7,0.0,,1094,123,,,,135,0.0,9342,326,0.0,8.0,7.0,89,50,19.0,131,,0.0,183,0.0,67,167,62,6192,7.0,237,,13058,3499,0.0,12.0,,0.0,632,0.0,95,,9.0,0.0,93,8.0,0.0,43,0,1255,0.0,0.0,10918,71,,0.0,1122,364,0.0,,6.0,0.0,,6.0,33,95,0.0,21.0,9.0,0.0
2011,8,0.0,,1435,147,5.0,,,158,0.0,12417,350,0.0,,5.0,91,65,19.0,178,0.0,,220,0.0,69,163,85,7507,12.0,284,,14756,4071,0.0,,0.0,0.0,860,0.0,117,0.0,7.0,,92,18.0,0.0,54,0,1526,,0.0,12942,90,0.0,,1608,512,0.0,0.0,,0.0,,6.0,71,128,0.0,13.0,,0.0
2011,9,0.0,,1448,157,,,0.0,192,0.0,17147,330,0.0,,0.0,98,327,18.0,140,0.0,0.0,281,0.0,80,133,51,8003,10.0,323,,15829,4447,0.0,,0.0,0.0,1001,0.0,163,,28.0,,115,42.0,0.0,36,0,1652,0.0,0.0,14819,81,0.0,,2858,658,0.0,0.0,,0.0,,7.0,79,108,0.0,5.0,11.0,0.0
2011,10,,5.0,1505,184,8.0,6.0,0.0,201,0.0,18827,385,0.0,,0.0,119,1569,62.0,145,0.0,0.0,432,0.0,91,146,77,7763,10.0,366,,16774,4741,0.0,6.0,0.0,0.0,1048,0.0,135,,31.0,,136,68.0,0.0,56,0,1607,0.0,0.0,15482,70,0.0,,4345,786,0.0,0.0,6.0,0.0,,5.0,33,130,0.0,5.0,9.0,0.0
2011,11,,,1541,183,7.0,5.0,,186,0.0,15128,279,0.0,,,103,1979,92.0,133,0.0,,372,0.0,66,148,77,7565,8.0,355,,16030,4545,0.0,,,0.0,1074,0.0,165,,20.0,11.0,161,69.0,0.0,70,0,1643,0.0,0.0,14917,63,0.0,0.0,3773,781,0.0,,7.0,0.0,5.0,,27,116,0.0,,7.0,0.0
2011,12,,,1453,166,5.0,,,134,0.0,13081,351,0.0,,,127,1043,48.0,170,0.0,0.0,326,0.0,87,108,94,7304,6.0,329,,15654,4546,0.0,17.0,,0.0,932,0.0,145,,20.0,7.0,148,54.0,0.0,58,0,1838,0.0,0.0,14336,54,0.0,0.0,3092,841,,,7.0,0.0,,,37,105,0.0,,7.0,0.0
2012,1,0.0,,1348,122,,,,153,0.0,11580,328,,,,116,618,29.0,158,0.0,,314,,61,97,133,7414,8.0,364,7.0,15347,4301,0.0,19.0,0.0,0.0,820,0.0,163,0.0,28.0,11.0,132,33.0,0.0,34,0,2659,0.0,0.0,12547,68,0.0,0.0,2989,1861,0.0,0.0,,0.0,,,57,127,0.0,0.0,9.0,0.0
2012,2,,,1244,144,13.0,8.0,0.0,162,0.0,11483,324,0.0,,,147,285,27.0,137,0.0,0.0,298,0.0,65,145,101,6940,14.0,326,52.0,15074,4296,0.0,34.0,0.0,0.0,858,0.0,167,0.0,32.0,,119,20.0,0.0,65,0,7277,,0.0,1898,50,,,3453,7370,,0.0,6.0,0.0,,6.0,48,128,0.0,,7.0,0.0
2012,3,,,1491,187,,,,142,0.0,10239,353,0.0,,,149,168,29.0,229,,0.0,315,,98,344,94,6131,8.0,271,5.0,15317,4571,0.0,18.0,0.0,0.0,816,0.0,139,0.0,42.0,16.0,129,33.0,0.0,81,0,6734,0.0,0.0,1400,89,0.0,0.0,2918,6515,,,6.0,0.0,5.0,,30,144,0.0,16.0,11.0,0.0
2012,4,,,1384,170,,,17.0,121,0.0,7238,325,0.0,7.0,5.0,115,85,7.0,216,,,194,0.0,86,378,86,4849,9.0,226,,12733,3843,0.0,10.0,,0.0,595,0.0,110,0.0,330.0,,100,14.0,0.0,90,0,4964,0.0,0.0,1085,57,0.0,,2050,4719,,0.0,,0.0,,,21,91,0.0,36.0,15.0,0.0
2012,5,,,1223,111,,,80.0,142,0.0,6276,320,0.0,6.0,,111,58,14.0,153,,,166,0.0,64,248,53,4650,8.0,204,,12191,3682,0.0,6.0,0.0,,593,,107,0.0,387.0,,96,18.0,0.0,73,0,4674,0.0,0.0,928,50,,0.0,1675,4027,,0.0,,0.0,,,24,114,0.0,44.0,11.0,0.0
2012,6,,,952,89,,0.0,10.0,119,0.0,5909,256,0.0,11.0,5.0,82,37,11.0,133,0.0,,134,0.0,58,180,73,4480,8.0,199,,10849,3385,0.0,,0.0,0.0,572,,80,0.0,377.0,,101,7.0,0.0,56,0,4550,,0.0,888,35,,,1263,3512,,,,0.0,0.0,6.0,25,145,0.0,37.0,10.0,0.0
2012,7,,0.0,1237,127,5.0,,,158,0.0,8013,287,,14.0,,90,41,,136,0.0,,250,0.0,76,158,80,6122,5.0,274,,13453,3985,0.0,8.0,,0.0,658,0.0,127,0.0,524.0,,107,11.0,0.0,53,0,6018,0.0,0.0,1095,98,,0.0,1486,4509,0.0,0.0,6.0,0.0,0.0,0.0,44,190,0.0,20.0,8.0,0.0
2012,8,,,1542,123,,5.0,,170,0.0,11608,335,0.0,24.0,5.0,108,56,11.0,152,,0.0,258,0.0,87,178,69,7168,11.0,304,,15465,4597,0.0,18.0,0.0,0.0,866,0.0,141,,705.0,,107,19.0,0.0,84,0,7285,0.0,0.0,1396,107,0.0,0.0,2133,5152,0.0,0.0,9.0,0.0,0.0,8.0,85,172,0.0,19.0,12.0,0.0
2012,9,,,1530,183,,,16.0,185,0.0,15157,347,0.0,27.0,,124,315,27.0,118,,,326,0.0,84,160,61,7521,18.0,335,,15921,5231,0.0,8.0,,0.0,1071,0.0,152,,922.0,,120,48.0,0.0,77,0,8089,0.0,0.0,1619,88,0.0,0.0,3452,5773,0.0,0.0,12.0,0.0,,5.0,64,198,0.0,5.0,7.0,0.0
2012,10,5.0,,1618,217,8.0,,0.0,187,0.0,16382,415,0.0,19.0,,127,1568,58.0,175,,,493,0.0,84,157,85,7986,17.0,443,,17314,5797,0.0,,0.0,0.0,1215,0.0,177,0.0,1272.0,7.0,189,58.0,0.0,79,0,8411,0.0,,1753,69,0.0,0.0,4928,6472,,,17.0,0.0,0.0,12.0,50,184,0.0,7.0,8.0,0.0
2012,11,,5.0,1553,169,,,0.0,170,0.0,13305,388,0.0,38.0,,146,1953,60.0,126,,,384,0.0,71,130,88,7031,30.0,377,,16105,5334,0.0,10.0,0.0,0.0,1138,0.0,151,,1173.0,13.0,171,58.0,0.0,69,0,7730,,0.0,1559,58,,,4297,5907,0.0,0.0,6.0,0.0,,8.0,36,201,0.0,5.0,,0.0
2012,12,0.0,,1534,141,6.0,,0.0,169,0.0,10958,325,0.0,27.0,,161,981,50.0,158,0.0,0.0,320,0.0,78,117,103,7301,16.0,354,,15225,5175,0.0,16.0,0.0,,1058,0.0,192,,883.0,5.0,187,36.0,0.0,73,0,7898,0.0,,1523,63,,0.0,3595,5734,0.0,0.0,6.0,0.0,,,40,186,0.0,,11.0,
2013,1,0.0,,1474,114,,,0.0,187,0.0,10598,378,,32.0,7.0,155,680,31.0,175,0.0,,327,0.0,98,178,134,7230,25.0,348,16.0,16470,5405,0.0,14.0,0.0,,967,0.0,198,0.0,905.0,14.0,185,44.0,0.0,83,0,8043,0.0,,1530,75,0.0,0.0,3667,6052,0.0,,8.0,0.0,8.0,,36,221,0.0,,12.0,0.0
2013,2,0.0,5.0,1205,134,,,,169,0.0,8866,316,0.0,17.0,,113,244,31.0,143,0.0,,267,0.0,63,159,105,5734,8.0,340,100.0,13994,4407,0.0,25.0,,,717,0.0,146,7.0,814.0,,134,30.0,0.0,73,0,6375,0.0,,1135,47,,0.0,2892,5400,0.0,,,0.0,5.0,,49,204,0.0,,13.0,
2013,3,,5.0,1513,174,9.0,,,198,0.0,8890,315,0.0,15.0,6.0,145,168,25.0,203,0.0,,235,0.0,87,323,118,5641,20.0,296,17.0,15216,4909,0.0,25.0,,0.0,767,0.0,174,6.0,828.0,23.0,123,15.0,0.0,100,0,6084,0.0,,1142,44,,0.0,2972,5097,,0.0,,0.0,,,30,209,0.0,,12.0,
2013,4,5.0,5.0,1365,142,,5.0,11.0,154,0.0,6535,316,,12.0,13.0,147,86,17.0,202,0.0,0.0,214,,58,382,81,4497,12.0,218,,13267,4376,0.0,14.0,0.0,0.0,646,0.0,120,,592.0,6.0,129,16.0,0.0,75,0,4769,0.0,0.0,833,58,0.0,0.0,2285,4045,0.0,,,0.0,5.0,,24,176,0.0,32.0,16.0,
2013,5,0.0,,1300,133,,,95.0,153,0.0,5532,305,0.0,,,111,62,15.0,140,,0.0,180,,59,288,67,4228,6.0,187,,12091,3998,0.0,7.0,0.0,0.0,613,,95,,514.0,,105,7.0,0.0,65,0,4581,0.0,0.0,783,52,0.0,0.0,1752,3400,,0.0,,0.0,,,21,216,0.0,58.0,17.0,0.0
2013,6,,0.0,1268,122,,,,138,0.0,5467,264,0.0,,,110,40,11.0,155,,,183,0.0,53,227,60,4848,11.0,226,0.0,12190,4051,0.0,10.0,0.0,0.0,625,0.0,116,5.0,451.0,7.0,108,8.0,0.0,65,0,4936,0.0,0.0,790,51,0.0,0.0,1539,3406,,0.0,,0.0,0.0,,39,236,0.0,38.0,12.0,0.0
2013,7,,0.0,1347,141,5.0,,7.0,160,0.0,7888,314,0.0,9.0,5.0,73,54,11.0,141,,0.0,285,0.0,87,146,81,6157,15.0,298,0.0,14543,4463,0.0,12.0,0.0,,758,0.0,132,8.0,645.0,,123,11.0,0.0,60,0,6338,0.0,0.0,1018,93,0.0,0.0,1730,4204,0.0,0.0,7.0,0.0,,7.0,65,224,0.0,30.0,13.0,0.0
2013,8,,,1601,164,,,,149,0.0,10264,343,0.0,7.0,,119,65,14.0,159,0.0,,301,0.0,83,172,74,7040,24.0,290,,16116,5339,0.0,12.0,0.0,0.0,1009,0.0,124,7.0,782.0,,156,25.0,0.0,54,0,7286,0.0,0.0,1057,86,,0.0,2185,4837,,,6.0,0.0,,5.0,97,275,0.0,15.0,8.0,0.0
2013,9,0.0,,1547,185,,,,188,0.0,13894,339,0.0,,,109,260,18.0,123,,,312,0.0,88,107,64,7235,21.0,347,,16448,5660,0.0,10.0,0.0,0.0,1233,0.0,165,,1115.0,,171,54.0,0.0,57,0,7925,0.0,0.0,1227,74,0.0,0.0,3505,5332,,0.0,18.0,0.0,,6.0,84,284,0.0,8.0,8.0,0.0
2013,10,,,1786,191,,,,208,0.0,16411,410,0.0,7.0,0.0,134,1507,56.0,158,,0.0,472,0.0,87,161,88,7427,35.0,409,,18388,6073,0.0,8.0,0.0,0.0,1278,0.0,186,7.0,1560.0,7.0,217,81.0,0.0,80,0,8141,0.0,,1304,82,0.0,0.0,5060,5849,0.0,0.0,21.0,0.0,,6.0,43,267,0.0,7.0,6.0,
2013,11,,,1702,175,,,,180,0.0,12628,378,,7.0,0.0,146,1878,82.0,136,5.0,,472,0.0,94,111,97,7355,24.0,369,,17013,5741,0.0,,0.0,0.0,1235,0.0,158,10.0,1375.0,11.0,188,86.0,0.0,61,0,7923,0.0,,1148,63,0.0,0.0,4430,5746,,,10.0,0.0,,16.0,35,283,0.0,7.0,8.0,0.0
2013,12,0.0,,1582,170,,,0.0,192,0.0,10686,415,0.0,7.0,5.0,159,1079,55.0,148,,0.0,378,0.0,67,157,97,7490,21.0,324,,16520,5683,0.0,17.0,0.0,0.0,1117,0.0,187,26.0,1109.0,10.0,187,54.0,0.0,69,0,8209,0.0,0.0,1137,67,0.0,0.0,3797,5691,0.0,0.0,11.0,0.0,,9.0,39,306,0.0,,9.0,0.0
2014,1,,5.0,1338,120,0.0,,0.0,162,0.0,9508,323,0.0,9.0,,125,573,38.0,140,0.0,,318,0.0,94,138,110,6902,22.0,339,10.0,15362,5158,0.0,6.0,0.0,0.0,994,0.0,170,13.0,984.0,19.0,152,46.0,0.0,74,0,7534,0.0,0.0,1044,62,0.0,0.0,3560,5398,0.0,,8.0,0.0,5.0,10.0,38,239,0.0,0.0,8.0,0.0
2014,2,0.0,,1228,132,11.0,7.0,0.0,143,0.0,8017,308,0.0,8.0,,109,280,22.0,132,0.0,0.0,304,0.0,46,118,119,5958,30.0,304,107.0,14213,4459,0.0,22.0,0.0,0.0,834,0.0,208,10.0,822.0,13.0,126,23.0,0.0,49,0,6570,0.0,,931,44,0.0,0.0,3138,4920,,0.0,5.0,0.0,11.0,5.0,28,253,0.0,6.0,18.0,
2014,3,,,1574,211,7.0,,0.0,153,0.0,7771,315,0.0,14.0,9.0,182,152,27.0,176,,0.0,269,0.0,90,290,119,5808,24.0,331,16.0,15117,5073,0.0,21.0,0.0,0.0,819,0.0,161,9.0,908.0,,163,18.0,0.0,67,0,6616,0.0,,957,42,,0.0,2998,4895,0.0,,8.0,0.0,9.0,11.0,32,310,0.0,7.0,15.0,
2014,4,,,1487,149,,9.0,14.0,148,0.0,6876,320,0.0,,10.0,165,71,22.0,177,0.0,0.0,204,0.0,68,374,83,4797,12.0,192,5.0,14250,5046,0.0,24.0,0.0,0.0,725,0.0,140,18.0,792.0,10.0,117,14.0,0.0,56,0,5416,0.0,,822,74,,0.0,2503,3993,0.0,0.0,9.0,0.0,8.0,8.0,31,246,0.0,35.0,28.0,
2014,5,0.0,,1350,152,,7.0,91.0,147,0.0,5757,296,0.0,,5.0,118,54,20.0,154,,0.0,203,0.0,64,320,67,4456,,207,,12412,4265,0.0,6.0,,0.0,560,0.0,129,19.0,614.0,7.0,129,10.0,0.0,73,0,4612,0.0,,623,59,,0.0,1881,3125,,0.0,,0.0,6.0,6.0,31,226,0.0,62.0,20.0,0.0
2014,6,0.0,,1245,125,,,,146,0.0,5689,297,0.0,9.0,12.0,92,42,,156,,0.0,198,0.0,68,203,71,5192,11.0,213,,12700,4010,0.0,5.0,,0.0,688,0.0,122,20.0,532.0,0.0,108,9.0,0.0,69,0,5173,0.0,,678,37,,0.0,1592,3243,0.0,,,0.0,6.0,6.0,31,264,0.0,59.0,20.0,0.0
2014,7,,,1282,185,,,,160,0.0,7336,351,0.0,5.0,6.0,100,40,14.0,138,,0.0,235,,81,153,83,6032,14.0,242,0.0,13840,4455,0.0,9.0,0.0,0.0,805,,149,14.0,712.0,12.0,136,24.0,0.0,64,0,6342,0.0,0.0,921,65,,0.0,1676,3520,0.0,0.0,8.0,0.0,,,91,312,0.0,27.0,22.0,0.0
2014,8,,,1486,180,,6.0,5.0,148,0.0,9802,302,0.0,8.0,,110,29,6.0,123,,,248,0.0,82,144,63,7135,17.0,294,,14948,5081,0.0,15.0,0.0,,962,,135,11.0,848.0,9.0,122,25.0,0.0,63,0,7365,0.0,,872,106,,0.0,2152,4253,0.0,,14.0,0.0,,8.0,116,339,0.0,11.0,15.0,
2014,9,,,1600,150,,,,179,0.0,13936,365,0.0,11.0,,103,237,9.0,102,,,358,0.0,79,115,59,7744,18.0,355,0.0,16592,5948,0.0,14.0,0.0,0.0,1338,0.0,167,10.0,1332.0,,150,47.0,0.0,63,0,8266,0.0,,1018,77,,0.0,3690,4884,0.0,7.0,22.0,0.0,,7.0,91,362,0.0,15.0,6.0,0.0
2014,10,,,1785,221,,,,184,0.0,14789,335,0.0,8.0,,100,1588,57.0,186,,,536,,91,145,94,7662,32.0,375,,17730,6491,0.0,8.0,0.0,,1342,0.0,163,12.0,1761.0,17.0,188,63.0,0.0,61,0,8165,0.0,,1182,67,,0.0,5052,5558,0.0,,19.0,0.0,0.0,13.0,64,350,0.0,17.0,,0.0
2014,11,,,1666,191,,,0.0,187,0.0,12234,342,0.0,10.0,,150,1782,83.0,163,,,437,,69,155,99,7243,31.0,362,5.0,16708,6192,0.0,9.0,0.0,0.0,1264,0.0,141,6.0,1415.0,12.0,168,62.0,0.0,67,0,7881,0.0,,1050,86,0.0,0.0,4314,5207,0.0,0.0,11.0,0.0,6.0,14.0,53,343,0.0,,5.0,0.0
2014,12,0.0,,1575,188,,5.0,0.0,160,0.0,10007,328,0.0,15.0,,157,1048,63.0,155,,,384,0.0,69,141,111,7426,30.0,316,,16112,5805,0.0,14.0,0.0,0.0,1181,0.0,156,14.0,1235.0,26.0,196,51.0,0.0,50,0,7586,0.0,0.0,1004,54,0.0,0.0,3753,5056,0.0,,16.0,0.0,5.0,14.0,43,327,0.0,,9.0,0.0
2015,1,,,1411,139,,,0.0,170,0.0,9087,296,0.0,11.0,,115,562,38.0,156,0.0,,298,0.0,65,141,111,7042,20.0,351,23.0,15913,5300,0.0,9.0,0.0,0.0,1039,,174,11.0,1026.0,18.0,157,23.0,0.0,74,0,7754,0.0,,1003,59,0.0,0.0,3592,5086,0.0,0.0,7.0,0.0,,12.0,51,311,0.0,,15.0,
2015,2,,,1342,144,5.0,5.0,0.0,162,0.0,7911,309,0.0,8.0,8.0,115,251,21.0,123,0.0,0.0,301,0.0,53,141,100,6291,33.0,336,105.0,14967,5004,0.0,24.0,0.0,0.0,877,,151,21.0,978.0,11.0,137,22.0,0.0,67,0,6807,0.0,0.0,920,53,0.0,0.0,3200,4816,,,9.0,0.0,,12.0,37,311,0.0,,10.0,
2015,3,,,1654,222,,14.0,,168,0.0,7874,333,0.0,,7.0,173,143,33.0,222,,,281,0.0,79,347,96,5846,28.0,290,30.0,16363,5475,0.0,30.0,,0.0,945,0.0,132,10.0,990.0,6.0,157,21.0,0.0,68,0,6481,,,966,66,0.0,0.0,3280,4719,0.0,,8.0,0.0,6.0,16.0,45,300,0.0,18.0,21.0,5.0
2015,4,0.0,,1540,200,,,10.0,123,0.0,6095,257,,,12.0,131,81,17.0,132,0.0,0.0,222,0.0,53,394,82,4797,21.0,227,,13701,4760,0.0,17.0,0.0,0.0,720,0.0,119,16.0,796.0,10.0,121,17.0,0.0,89,0,4952,0.0,,697,78,,0.0,2348,3427,0.0,0.0,7.0,0.0,,7.0,34,251,0.0,49.0,36.0,
2015,5,0.0,6.0,1327,165,,5.0,102.0,136,0.0,5321,279,0.0,,6.0,125,61,8.0,155,0.0,,195,0.0,60,320,68,4742,14.0,241,,12857,4456,0.0,6.0,0.0,,682,0.0,114,12.0,619.0,,124,18.0,0.0,56,0,4646,0.0,,647,47,0.0,0.0,1807,3084,0.0,0.0,,0.0,9.0,15.0,36,281,0.0,59.0,20.0,
2015,6,,5.0,1084,160,,,5.0,130,0.0,5151,255,0.0,,9.0,105,31,13.0,120,,,182,0.0,55,172,65,4791,18.0,214,,12169,4024,0.0,10.0,0.0,,627,0.0,102,13.0,625.0,9.0,135,25.0,0.0,51,0,4802,0.0,0.0,572,44,0.0,0.0,1586,2867,0.0,,7.0,0.0,,,23,264,0.0,42.0,15.0,0.0
2015,7,,,1388,180,0.0,6.0,,128,0.0,7005,236,0.0,,5.0,97,44,20.0,111,,,203,0.0,56,170,65,5731,22.0,265,,13946,4685,0.0,7.0,0.0,0.0,785,0.0,131,5.0,793.0,14.0,131,22.0,0.0,63,0,5779,0.0,0.0,715,75,0.0,0.0,1795,3245,,9.0,10.0,,,9.0,73,262,0.0,26.0,13.0,0.0
2015,8,0.0,,1494,156,0.0,,,131,0.0,8906,287,0.0,5.0,,82,50,17.0,119,6.0,,251,0.0,95,152,58,6724,27.0,302,,14725,5098,0.0,12.0,0.0,,974,0.0,138,14.0,963.0,,128,43.0,0.0,64,0,6849,0.0,0.0,727,99,0.0,0.0,2214,3834,0.0,,14.0,0.0,7.0,10.0,127,326,0.0,15.0,9.0,0.0
2015,9,,,1617,156,0.0,,,175,0.0,12902,320,0.0,,,100,325,23.0,125,,,298,0.0,85,117,74,7513,27.0,347,,17091,5814,0.0,9.0,0.0,0.0,1287,0.0,160,12.0,1404.0,8.0,171,87.0,0.0,61,0,7439,0.0,,963,92,0.0,0.0,3773,4972,,,14.0,0.0,,7.0,110,366,0.0,5.0,12.0,0.0
2015,10,,,1786,238,,,,213,0.0,14156,329,0.0,,,101,1596,43.0,143,,0.0,505,0.0,101,124,73,7460,50.0,350,5.0,18232,6538,0.0,8.0,0.0,0.0,1322,0.0,171,17.0,1860.0,28.0,183,74.0,0.0,62,0,7487,0.0,,1011,70,0.0,0.0,5087,5193,0.0,,16.0,0.0,,11.0,56,404,0.0,14.0,6.0,0.0
2015,11,,5.0,1780,218,,,0.0,184,0.0,11342,323,0.0,,5.0,141,1803,70.0,152,,,432,0.0,84,139,105,7355,22.0,312,10.0,17685,6399,0.0,22.0,0.0,0.0,1277,0.0,196,20.0,1615.0,10.0,167,58.0,,60,0,7236,0.0,,982,64,0.0,0.0,4585,4998,,0.0,31.0,0.0,,11.0,50,442,0.0,14.0,7.0,
2015,12,5.0,,1626,193,,,0.0,167,0.0,9697,327,0.0,,,151,1015,49.0,157,,0.0,350,,89,164,117,7490,35.0,293,,17495,6092,0.0,13.0,,0.0,1333,0.0,168,16.0,1292.0,25.0,198,40.0,,48,0,7454,0.0,,967,71,0.0,,4137,4781,,,10.0,0.0,7.0,18.0,31,422,0.0,,14.0,
2016,1,,7.0,1521,180,0.0,,,192,0.0,8174,269,0.0,5.0,,141,537,45.0,136,,0.0,363,0.0,71,151,96,6822,30.0,377,27.0,15658,5470,0.0,10.0,0.0,0.0,1020,0.0,163,22.0,1031.0,14.0,160,40.0,,60,0,6903,,0.0,780,65,,,3559,4594,,0.0,12.0,0.0,,24.0,49,391,0.0,,15.0,
2016,2,,,1483,175,,,0.0,164,0.0,7372,293,0.0,,8.0,122,254,29.0,121,0.0,,319,0.0,58,117,107,6298,18.0,376,97.0,15720,5378,0.0,7.0,0.0,0.0,899,0.0,170,18.0,1046.0,10.0,156,27.0,,59,0,6341,0.0,0.0,791,62,,0.0,3425,4738,,,10.0,0.0,,18.0,45,384,0.0,,16.0,
2016,3,,,1828,199,,,0.0,154,0.0,7142,323,0.0,6.0,,165,137,27.0,193,,,316,0.0,64,310,91,5709,17.0,299,11.0,15774,5617,0.0,35.0,0.0,0.0,940,0.0,160,20.0,1065.0,15.0,146,26.0,0.0,61,0,5887,0.0,0.0,792,73,0.0,,3398,4287,,,10.0,0.0,5.0,11.0,32,367,0.0,27.0,41.0,
2016,4,,6.0,1490,214,0.0,,5.0,139,0.0,5210,273,,6.0,17.0,170,79,12.0,143,,0.0,246,0.0,63,375,78,3851,25.0,179,8.0,13387,4779,,19.0,0.0,0.0,703,,95,16.0,877.0,14.0,142,12.0,0.0,54,0,4066,,,541,54,,0.0,2447,3062,0.0,,7.0,0.0,5.0,8.0,28,283,0.0,62.0,36.0,8.0
2016,5,,,1345,172,,0.0,116.0,121,0.0,4650,247,0.0,,10.0,116,51,9.0,168,,0.0,192,0.0,51,289,66,4195,12.0,182,6.0,12379,4426,,9.0,,0.0,679,,104,5.0,708.0,0.0,121,10.0,0.0,47,0,3974,,,497,62,0.0,0.0,1844,2636,,,14.0,0.0,9.0,10.0,39,285,0.0,46.0,19.0,7.0
2016,6,,,1287,172,,,10.0,138,,5036,215,0.0,0.0,6.0,112,43,11.0,107,,,130,0.0,52,176,62,4936,18.0,253,,12932,4274,0.0,11.0,0.0,0.0,705,0.0,118,15.0,623.0,10.0,130,22.0,0.0,55,0,4469,0.0,0.0,526,42,0.0,0.0,1712,2860,0.0,,10.0,0.0,8.0,10.0,39,392,0.0,44.0,17.0,
2016,7,0.0,,1463,184,,,,143,0.0,6666,243,0.0,,8.0,102,45,14.0,111,,,255,0.0,82,176,66,6145,23.0,272,10.0,15396,4852,0.0,8.0,0.0,0.0,817,0.0,150,13.0,857.0,,135,20.0,0.0,46,0,5601,0.0,0.0,583,73,0.0,0.0,1828,3357,0.0,,11.0,0.0,20.0,10.0,91,362,0.0,36.0,19.0,
2016,8,0.0,,1593,203,0.0,,,159,,8974,252,0.0,5.0,5.0,91,53,17.0,120,,,292,0.0,88,150,65,6954,27.0,251,9.0,16715,5696,0.0,12.0,,0.0,1112,0.0,154,18.0,1084.0,5.0,161,39.0,,55,0,6429,0.0,0.0,609,102,0.0,0.0,2512,4071,0.0,5.0,12.0,0.0,,11.0,134,389,0.0,33.0,12.0,
2016,9,,,1815,186,,,,191,,12635,271,,8.0,,87,381,18.0,104,8.0,,350,0.0,67,146,63,7782,25.0,336,9.0,18172,6599,0.0,6.0,,0.0,1295,0.0,142,14.0,1512.0,,158,60.0,0.0,63,0,7147,0.0,,745,84,,0.0,4125,5099,0.0,,19.0,0.0,5.0,21.0,116,417,0.0,7.0,7.0,
2016,10,,,1775,248,,,,193,0.0,12876,330,0.0,,,86,1752,70.0,147,7.0,,504,0.0,71,145,75,7322,21.0,340,,18646,6630,0.0,11.0,0.0,0.0,1258,0.0,175,8.0,1944.0,16.0,192,66.0,0.0,75,0,6628,0.0,0.0,735,82,,0.0,5206,4949,,,38.0,0.0,,14.0,71,411,0.0,18.0,,
2016,11,,,2035,291,,,0.0,184,,10777,337,,,5.0,169,1745,73.0,135,,,410,,48,137,107,7126,32.0,323,5.0,18248,6420,0.0,18.0,0.0,,1245,0.0,171,20.0,1674.0,13.0,208,65.0,,67,0,6677,0.0,0.0,729,76,0.0,0.0,4505,4880,9.0,,19.0,0.0,11.0,11.0,60,426,0.0,12.0,13.0,
2016,12,,,1807,230,,0.0,0.0,194,,9122,323,0.0,5.0,,158,980,44.0,140,,0.0,389,0.0,61,156,102,6892,29.0,296,,17610,6189,0.0,13.0,0.0,0.0,1198,0.0,174,20.0,1311.0,13.0,186,45.0,,56,0,6369,0.0,,694,77,,,4054,4605,,,18.0,0.0,6.0,23.0,40,442,0.0,,13.0,5.0
2017,1,,,1694,231,,,0.0,220,,7733,289,0.0,5.0,7.0,148,585,52.0,143,,,333,,78,169,128,6368,27.0,326,22.0,16660,5926,0.0,23.0,0.0,0.0,968,0.0,169,17.0,1178.0,24.0,166,34.0,0.0,61,0,5969,0.0,0.0,643,73,0.0,0.0,3843,4691,,,11.0,0.0,,30.0,51,383,0.0,0.0,8.0,14.0
2017,2,,7.0,1636,229,,,0.0,152,,6491,296,0.0,6.0,13.0,123,216,40.0,119,0.0,,287,0.0,56,132,91,5678,20.0,331,175.0,15568,5378,0.0,23.0,,,962,0.0,151,21.0,1088.0,10.0,148,32.0,,58,0,5386,0.0,,585,59,0.0,0.0,3445,4291,0.0,0.0,12.0,0.0,5.0,17.0,45,411,,,15.0,
2017,3,,8.0,1911,280,,,,162,0.0,6359,304,0.0,7.0,15.0,168,136,29.0,169,,0.0,304,,77,291,91,5182,18.0,295,30.0,16802,5936,0.0,24.0,,0.0,977,0.0,147,17.0,1081.0,8.0,143,22.0,0.0,61,0,5140,,,554,99,0.0,0.0,3387,4278,0.0,5.0,15.0,0.0,,19.0,57,430,,18.0,22.0,17.0
2017,4,0.0,0.0,1618,214,0.0,,,153,,4705,270,0.0,,21.0,162,61,14.0,157,,,205,0.0,72,372,87,3980,15.0,179,8.0,13740,4930,0.0,17.0,0.0,0.0,769,0.0,130,13.0,829.0,10.0,123,16.0,0.0,44,0,3734,0.0,0.0,418,88,0.0,0.0,2433,3033,,6.0,9.0,0.0,9.0,14.0,33,349,0.0,52.0,17.0,26.0
2017,5,,,1402,170,0.0,,102.0,127,0.0,4357,230,0.0,5.0,15.0,123,53,11.0,140,,,194,0.0,54,316,78,4037,13.0,194,,13098,4725,,13.0,0.0,0.0,680,0.0,108,9.0,736.0,9.0,108,12.0,0.0,38,0,3649,0.0,0.0,368,73,0.0,0.0,2023,2842,0.0,,15.0,0.0,11.0,23.0,35,350,0.0,100.0,17.0,10.0
2017,6,,,1350,178,,,6.0,104,0.0,4181,242,0.0,,12.0,103,31,17.0,144,0.0,,164,0.0,49,152,56,4260,18.0,192,6.0,13006,4393,,12.0,0.0,0.0,679,0.0,108,7.0,655.0,,130,15.0,0.0,49,0,3663,0.0,,365,61,0.0,0.0,1612,2671,0.0,7.0,9.0,0.0,7.0,17.0,40,361,0.0,70.0,9.0,13.0
2017,7,0.0,5.0,1511,187,,,,143,,5864,240,0.0,,8.0,86,36,20.0,131,,0.0,217,0.0,74,187,68,5481,26.0,234,7.0,15060,4979,,12.0,0.0,0.0,789,,124,10.0,875.0,7.0,123,30.0,,37,0,4652,0.0,0.0,437,67,0.0,0.0,1942,3243,,,9.0,0.0,6.0,13.0,66,452,0.0,25.0,8.0,15.0
2017,8,0.0,7.0,1819,201,0.0,,,170,0.0,8604,305,0.0,,,86,40,21.0,115,,0.0,319,0.0,99,205,63,6819,34.0,244,8.0,17817,5961,0.0,10.0,0.0,0.0,1139,0.0,131,14.0,1064.0,,127,49.0,0.0,58,0,5877,0.0,0.0,584,84,,0.0,2532,4021,,,5.0,0.0,0.0,15.0,124,479,0.0,20.0,7.0,14.0
2017,9,0.0,0.0,1848,143,0.0,,0.0,185,,11933,291,0.0,,,91,349,24.0,127,11.0,0.0,316,0.0,75,140,71,6817,40.0,349,8.0,18468,6666,0.0,14.0,0.0,0.0,1277,0.0,143,17.0,1648.0,,158,59.0,0.0,52,0,5927,0.0,,560,89,0.0,0.0,4232,4737,,0.0,17.0,,7.0,38.0,95,465,,14.0,,
2017,10,,,1965,249,0.0,,0.0,180,0.0,11967,335,0.0,,5.0,95,1595,72.0,133,6.0,,489,,74,125,92,6755,37.0,344,6.0,19649,6910,0.0,20.0,0.0,0.0,1204,0.0,170,16.0,2043.0,14.0,202,73.0,0.0,70,0,5684,0.0,0.0,601,67,0.0,0.0,5127,4880,,,31.0,,10.0,20.0,66,480,,16.0,8.0,6.0
2017,11,0.0,9.0,2189,252,,,,192,,9924,325,0.0,,,157,1859,86.0,130,5.0,0.0,401,0.0,90,152,112,6797,21.0,301,6.0,18910,6514,,12.0,0.0,0.0,1212,0.0,178,17.0,1708.0,27.0,198,57.0,,70,0,5776,0.0,,641,69,0.0,,4582,4867,0.0,,16.0,,5.0,20.0,48,416,,,7.0,
2017,12,,,1995,240,,,0.0,149,,8277,306,0.0,0.0,,149,992,80.0,154,,,417,0.0,88,130,107,6389,19.0,241,7.0,17748,6060,0.0,16.0,,0.0,1131,0.0,160,27.0,1401.0,14.0,172,51.0,,59,0,5336,0.0,,508,81,0.0,,4094,4446,0.0,,17.0,0.0,,29.0,39,441,,,10.0,9.0
2018,1,,,2023,247,0.0,,0.0,178,,7535,299,,,5.0,131,585,52.0,108,,,314,0.0,91,142,102,6213,39.0,332,42.0,17432,5965,,16.0,0.0,0.0,900,,174,19.0,1361.0,9.0,150,41.0,,75,0,5526,0.0,,567,68,0.0,0.0,3980,4538,,,15.0,0.0,7.0,18.0,48,384,,,16.0,11.0
2018,2,,5.0,1758,231,,,,131,,6151,251,0.0,,5.0,117,233,22.0,125,,0.0,294,0.0,71,176,86,5584,27.0,322,136.0,16190,5566,,15.0,0.0,0.0,960,0.0,135,23.0,1120.0,,135,26.0,0.0,61,0,4866,0.0,,458,83,0.0,,3424,4157,0.0,,10.0,0.0,,17.0,48,392,,,15.0,13.0
2018,3,0.0,7.0,2086,300,,,0.0,139,,6176,336,0.0,,17.0,172,130,28.0,169,,0.0,265,0.0,81,328,96,4878,27.0,262,18.0,17054,5998,,29.0,0.0,0.0,919,0.0,145,10.0,1218.0,8.0,143,20.0,,59,0,4503,0.0,0.0,502,94,0.0,,3413,4063,,6.0,15.0,0.0,7.0,19.0,61,382,0.0,17.0,22.0,14.0
2018,4,0.0,,1767,232,5.0,,,105,0.0,4550,281,0.0,,21.0,157,63,21.0,182,,,209,0.0,81,321,71,4214,26.0,176,9.0,14263,5232,,13.0,0.0,,665,0.0,97,8.0,868.0,12.0,107,10.0,0.0,58,0,3548,0.0,0.0,334,109,0.0,0.0,2414,2965,,8.0,11.0,0.0,15.0,20.0,57,330,0.0,47.0,20.0,22.0
2018,5,,,1648,200,,,95.0,115,0.0,4104,209,0.0,,17.0,111,48,22.0,151,,,183,0.0,55,326,73,3958,24.0,180,,13934,4907,,13.0,0.0,0.0,667,,86,11.0,770.0,6.0,108,12.0,0.0,55,0,3472,0.0,0.0,301,78,0.0,0.0,1998,2705,,9.0,9.0,0.0,5.0,18.0,40,316,,79.0,13.0,12.0
2018,6,,0.0,1408,167,,0.0,7.0,116,0.0,3987,229,0.0,,9.0,93,32,11.0,147,,0.0,173,,56,170,67,4362,25.0,187,9.0,13231,4751,,22.0,,0.0,730,,102,13.0,605.0,,107,7.0,0.0,51,0,3512,0.0,,303,62,,0.0,1705,2685,,5.0,10.0,0.0,5.0,17.0,33,367,0.0,54.0,13.0,21.0
2018,7,6.0,5.0,1678,183,,,,136,0.0,5508,271,0.0,,,113,37,11.0,121,,0.0,221,0.0,73,205,75,5516,43.0,216,7.0,15460,5272,0.0,14.0,0.0,0.0,858,0.0,125,7.0,947.0,,128,26.0,,66,0,4639,0.0,,374,74,,0.0,1952,3368,0.0,,,0.0,6.0,23.0,54,465,,37.0,7.0,16.0
2018,8,,,2169,215,,,,178,0.0,7812,281,0.0,,,121,49,11.0,141,8.0,,260,,86,146,58,6832,39.0,299,,17849,6124,,6.0,0.0,0.0,1145,0.0,131,13.0,1187.0,0.0,143,48.0,,58,0,5718,0.0,0.0,474,142,,0.0,2515,3938,0.0,6.0,16.0,0.0,,31.0,120,474,,11.0,12.0,8.0
2018,9,,,2008,186,0.0,,0.0,221,,11071,283,0.0,,5.0,87,352,28.0,129,8.0,,319,0.0,70,159,59,6869,29.0,331,6.0,18697,6743,0.0,13.0,0.0,,1267,0.0,136,15.0,1579.0,6.0,133,60.0,0.0,58,0,5671,0.0,0.0,583,72,0.0,0.0,4083,4492,,,36.0,0.0,,42.0,112,411,0.0,11.0,,9.0
2018,10,,,2206,238,,5.0,0.0,193,0.0,11390,294,0.0,0.0,6.0,116,1580,62.0,143,7.0,0.0,542,0.0,81,146,88,7093,38.0,339,6.0,19880,7108,,13.0,,0.0,1317,0.0,137,18.0,2123.0,25.0,206,56.0,,55,0,5499,0.0,,510,60,0.0,,5292,4717,5.0,,18.0,,,27.0,89,454,,26.0,7.0,13.0
2018,11,,,2319,249,0.0,0.0,0.0,164,,9064,298,0.0,,7.0,212,1838,88.0,98,,,455,0.0,80,192,109,6519,38.0,303,12.0,18535,6594,,20.0,0.0,,1233,0.0,139,22.0,1861.0,21.0,196,57.0,0.0,72,0,5394,0.0,,549,85,0.0,0.0,4600,4430,,,26.0,0.0,13.0,32.0,35,464,0.0,10.0,5.0,12.0
2018,12,6.0,5.0,2233,251,0.0,,0.0,161,,7935,328,0.0,0.0,,149,1054,73.0,140,,0.0,409,0.0,93,150,85,6710,34.0,274,7.0,18434,6306,0.0,10.0,0.0,,1137,0.0,155,13.0,1533.0,21.0,170,54.0,,63,0,5406,0.0,0.0,463,94,,0.0,4066,4415,,,22.0,0.0,,31.0,32,430,0.0,,18.0,13.0
2019,1,7.0,11.0,2238,304,,,,156,0.0,6827,267,0.0,,5.0,129,494,65.0,163,,0.0,356,0.0,64,135,104,6098,35.0,349,60.0,18075,6393,,17.0,0.0,0.0,1042,0.0,155,18.0,1346.0,17.0,184,50.0,,49,0,5161,0.0,,463,81,0.0,,3806,4227,,0.0,13.0,0.0,7.0,36.0,58,413,,,9.0,12.0
2019,2,,7.0,2150,233,,,0.0,114,0.0,6471,239,0.0,,14.0,96,242,41.0,123,,0.0,299,0.0,67,132,83,5618,22.0,315,171.0,17204,5847,,21.0,0.0,0.0,932,0.0,143,34.0,1398.0,10.0,130,22.0,0.0,56,0,4663,0.0,0.0,431,86,0.0,,3744,4307,,,12.0,0.0,,26.0,46,372,0.0,7.0,12.0,10.0
2019,3,,,2442,276,,,0.0,160,,5697,275,,,27.0,179,157,37.0,209,,,292,0.0,86,313,95,4961,29.0,252,27.0,17866,6079,0.0,32.0,0.0,0.0,906,0.0,143,13.0,1316.0,9.0,144,14.0,,67,0,4264,0.0,0.0,436,73,0.0,,3511,4031,0.0,7.0,19.0,0.0,13.0,30.0,50,370,,36.0,17.0,17.0
2019,4,,,2059,195,0.0,0.0,,122,0.0,4331,233,0.0,0.0,11.0,159,76,23.0,164,,0.0,221,0.0,82,297,86,3970,27.0,173,18.0,15224,5296,,14.0,0.0,,774,0.0,80,15.0,974.0,7.0,130,20.0,,47,0,3380,0.0,0.0,298,83,0.0,,2506,3074,,7.0,9.0,0.0,0.0,14.0,41,293,,68.0,15.0,16.0
2019,5,,5.0,1822,183,,0.0,93.0,97,0.0,3652,209,0.0,0.0,15.0,101,54,21.0,148,,0.0,210,,54,255,59,3460,21.0,161,8.0,13112,4604,,11.0,0.0,0.0,612,,82,9.0,710.0,8.0,118,21.0,0.0,51,0,2709,0.0,,251,64,0.0,0.0,1955,2575,,5.0,5.0,0.0,20.0,48.0,27,286,0.0,61.0,12.0,23.0
2019,6,,,1704,156,,0.0,11.0,99,0.0,3545,224,0.0,,15.0,101,51,12.0,108,,0.0,180,0.0,63,205,45,4071,23.0,179,13.0,13197,4283,0.0,17.0,0.0,,660,0.0,70,8.0,676.0,7.0,109,20.0,,43,0,3029,0.0,0.0,256,65,0.0,0.0,1558,2565,,6.0,,0.0,,25.0,56,305,,54.0,16.0,16.0
2019,7,,,1920,193,,,,140,0.0,5091,221,0.0,0.0,23.0,75,38,11.0,120,,,264,0.0,71,207,99,5426,21.0,246,17.0,15758,5203,0.0,11.0,0.0,0.0,910,0.0,126,11.0,993.0,6.0,121,28.0,,64,0,4181,0.0,0.0,330,91,0.0,0.0,1990,3226,0.0,10.0,8.0,0.0,8.0,37.0,62,352,0.0,46.0,11.0,19.0
2019,8,,7.0,2266,204,0.0,0.0,,143,0.0,7164,245,0.0,6.0,7.0,88,46,30.0,127,6.0,,278,0.0,66,171,53,6402,48.0,264,13.0,17631,5905,,7.0,0.0,0.0,1078,0.0,128,10.0,1287.0,11.0,135,33.0,,56,0,5084,0.0,0.0,364,88,,0.0,2549,3662,0.0,,12.0,0.0,5.0,39.0,122,425,0.0,11.0,15.0,5.0
2019,9,,6.0,2613,175,0.0,0.0,,192,,9948,281,0.0,,,87,350,32.0,131,15.0,0.0,358,0.0,73,164,60,6998,45.0,366,7.0,19587,7026,,24.0,,,1309,0.0,138,18.0,1576.0,24.0,138,55.0,,54,0,5409,0.0,,405,68,0.0,,4131,4670,,,26.0,0.0,15.0,36.0,116,399,0.0,19.0,8.0,14.0
2019,10,,,2683,254,,0.0,,180,,10531,293,0.0,,,114,1688,37.0,137,9.0,,448,0.0,121,161,97,6808,42.0,333,10.0,20464,6976,,9.0,0.0,,1369,0.0,152,17.0,2120.0,15.0,203,66.0,0.0,47,0,5112,0.0,0.0,326,85,0.0,,5260,4682,,,42.0,,,25.0,94,415,,21.0,,9.0
2019,11,,6.0,2788,273,0.0,,0.0,148,0.0,8664,271,0.0,,,203,1809,97.0,107,,,448,0.0,91,198,95,6569,47.0,285,11.0,19886,6723,,16.0,0.0,,1318,0.0,139,27.0,1835.0,15.0,184,69.0,,50,0,5048,0.0,,352,81,0.0,0.0,4785,4479,,,20.0,,5.0,38.0,49,371,0.0,11.0,20.0,8.0
2019,12,7.0,8.0,2656,212,0.0,,0.0,120,0.0,7292,256,0.0,0.0,,177,930,62.0,144,6.0,,442,0.0,70,131,110,6418,48.0,276,32.0,18449,6411,0.0,10.0,0.0,0.0,1131,0.0,164,15.0,1519.0,12.0,176,60.0,0.0,68,0,4895,0.0,0.0,362,99,0.0,,4035,4270,,,13.0,,9.0,50.0,44,376,,,12.0,18.0
2020,1,,,2688,197,,,0.0,123,,6331,247,0.0,,8.0,122,543,52.0,143,5.0,,355,,62,99,117,5919,23.0,293,64.0,18285,6225,0.0,9.0,0.0,,1068,0.0,130,16.0,1361.0,23.0,133,39.0,,62,0,4757,0.0,,352,86,0.0,0.0,3871,4169,,,25.0,0.0,,41.0,43,323,0.0,,11.0,6.0
2020,2,5.0,7.0,2633,215,,,0.0,132,0.0,5787,282,0.0,,12.0,121,242,43.0,148,,,309,0.0,70,112,105,5562,45.0,330,180.0,17662,5891,0.0,25.0,0.0,0.0,948,0.0,137,27.0,1395.0,20.0,139,27.0,,44,0,4415,0.0,,319,76,0.0,0.0,3711,4341,,,19.0,0.0,6.0,37.0,47,410,0.0,5.0,10.0,12.0
2020,3,,5.0,2557,267,,,0.0,133,0.0,5515,239,,,11.0,173,135,29.0,186,,0.0,327,0.0,104,269,97,4571,19.0,226,19.0,17611,5998,6.0,25.0,0.0,0.0,957,,122,11.0,1308.0,10.0,122,30.0,,61,0,3911,0.0,0.0,313,77,0.0,0.0,3520,4042,0.0,5.0,10.0,0.0,9.0,37.0,59,301,,33.0,21.0,23.0
2020,4,,,2285,199,,0.0,,99,,4079,214,0.0,,21.0,129,70,21.0,150,,,262,0.0,66,375,102,3777,27.0,165,17.0,14442,5169,6.0,22.0,0.0,,749,0.0,107,10.0,979.0,14.0,112,22.0,,65,0,2804,0.0,0.0,257,70,,0.0,2573,3033,0.0,,7.0,0.0,6.0,32.0,37,268,,65.0,30.0,22.0
2020,5,5.0,,2160,109,,0.0,81.0,105,0.0,3406,193,0.0,0.0,20.0,115,65,16.0,149,,,213,0.0,41,264,67,3791,23.0,173,,13827,4793,0.0,19.0,0.0,0.0,707,0.0,103,15.0,826.0,8.0,98,22.0,,55,0,2835,0.0,,229,79,,0.0,2014,2620,0.0,,5.0,0.0,16.0,40.0,30,318,,70.0,24.0,19.0
2020,6,,0.0,2019,161,,0.0,9.0,86,0.0,3392,173,0.0,0.0,19.0,95,59,14.0,97,0.0,0.0,177,0.0,60,201,46,4169,30.0,182,5.0,13270,4411,,18.0,0.0,0.0,666,0.0,85,14.0,747.0,,105,24.0,,53,0,3043,0.0,0.0,212,66,0.0,0.0,1748,2544,0.0,7.0,6.0,0.0,,35.0,58,317,0.0,54.0,13.0,16.0
2020,7,,,2274,192,,0.0,,105,0.0,4778,217,0.0,0.0,,84,49,18.0,116,7.0,0.0,237,0.0,83,146,71,5443,33.0,222,13.0,15845,4857,,16.0,0.0,,935,0.0,121,11.0,915.0,9.0,144,31.0,,42,0,3989,0.0,0.0,276,87,0.0,0.0,2048,3026,0.0,6.0,5.0,0.0,15.0,46.0,84,330,0.0,32.0,12.0,12.0
2020,8,,,2524,147,0.0,0.0,,138,,6868,241,,,9.0,98,54,17.0,135,9.0,0.0,307,0.0,76,143,61,6555,34.0,270,9.0,17708,5927,,18.0,0.0,0.0,1121,0.0,151,23.0,1288.0,24.0,141,44.0,,41,0,4884,0.0,0.0,334,81,0.0,0.0,2557,3606,0.0,,13.0,0.0,6.0,48.0,114,373,0.0,12.0,10.0,11.0
2020,9,7.0,,2968,145,,0.0,,179,,9706,276,0.0,,9.0,95,377,21.0,136,11.0,,355,0.0,95,143,64,6936,48.0,324,19.0,19226,6674,,12.0,0.0,0.0,1367,0.0,138,23.0,1833.0,12.0,135,73.0,,44,0,5161,0.0,,304,83,,,4192,4439,0.0,,26.0,0.0,6.0,49.0,145,405,,12.0,12.0,13.0
2020,10,6.0,,3054,224,7.0,,,175,,9883,258,,,6.0,118,1757,56.0,134,9.0,,520,0.0,95,173,67,6795,61.0,346,13.0,20416,7002,,19.0,0.0,,1290,0.0,155,11.0,2263.0,17.0,146,65.0,,48,0,5123,,0.0,301,96,0.0,,5103,4639,0.0,,30.0,,9.0,48.0,111,424,0.0,15.0,10.0,5.0
2020,11,,5.0,3247,206,,0.0,,150,,8326,278,,,6.0,195,1722,76.0,125,,0.0,468,0.0,91,148,122,6820,48.0,272,10.0,19579,6539,0.0,18.0,0.0,,1354,0.0,152,21.0,1860.0,29.0,195,63.0,,49,0,5061,0.0,0.0,283,116,,0.0,4483,4484,0.0,,15.0,,11.0,50.0,52,347,0.0,14.0,14.0,15.0
2020,12,6.0,,3033,227,,0.0,0.0,126,,7036,258,0.0,,,150,1003,56.0,132,7.0,,428,0.0,80,164,125,6877,45.0,279,17.0,18528,6328,,17.0,0.0,0.0,1125,0.0,168,34.0,1599.0,31.0,149,58.0,0.0,67,0,4860,0.0,0.0,304,72,,,4065,4294,0.0,,10.0,,9.0,39.0,44,385,0.0,6.0,13.0,14.0
2021,1,,,3041,238,,0.0,0.0,144,0.0,6538,253,0.0,0.0,11.0,128,520,57.0,150,7.0,0.0,381,0.0,119,142,108,6891,31.0,331,105.0,19145,6449,8.0,19.0,0.0,0.0,1081,0.0,142,30.0,1623.0,10.0,148,45.0,,52,0,5027,0.0,0.0,341,93,,,4049,4595,,6.0,11.0,0.0,10.0,63.0,43,358,0.0,,19.0,10.0
2021,2,,,2812,207,,,0.0,124,0.0,5865,237,0.0,,13.0,130,260,35.0,137,,,360,0.0,67,136,98,5744,36.0,304,216.0,17643,5884,,27.0,0.0,0.0,984,0.0,140,35.0,1538.0,,144,29.0,,50,0,4390,0.0,0.0,297,85,0.0,,3740,4551,0.0,7.0,13.0,0.0,14.0,45.0,42,305,,9.0,15.0,10.0
2021,3,5.0,6.0,3082,249,0.0,,0.0,138,0.0,5245,274,0.0,,12.0,163,142,33.0,165,,,312,0.0,75,344,96,5287,29.0,258,25.0,17368,6064,8.0,29.0,0.0,0.0,1018,0.0,129,15.0,1346.0,8.0,167,25.0,,51,0,3847,0.0,0.0,248,66,,0.0,3240,4022,0.0,7.0,17.0,0.0,17.0,37.0,36,362,0.0,31.0,13.0,32.0
2021,4,,,2530,201,,0.0,,112,,3857,243,0.0,,17.0,136,59,14.0,195,5.0,0.0,256,,57,347,89,4147,23.0,173,16.0,14959,5102,,11.0,0.0,0.0,777,0.0,148,10.0,1046.0,14.0,113,23.0,,43,0,3013,0.0,0.0,245,67,,0.0,2299,3063,0.0,,9.0,0.0,10.0,30.0,45,242,,55.0,27.0,19.0
2021,5,,,2162,160,5.0,0.0,66.0,88,0.0,3207,165,0.0,0.0,12.0,113,52,15.0,118,,0.0,189,0.0,61,233,54,3625,28.0,157,8.0,13120,4460,,16.0,0.0,0.0,696,0.0,80,8.0,794.0,5.0,95,14.0,0.0,46,0,2627,0.0,0.0,205,88,0.0,0.0,1844,2585,0.0,7.0,9.0,0.0,14.0,36.0,37,249,,60.0,29.0,19.0
2021,6,0.0,0.0,2171,166,,0.0,7.0,92,0.0,3383,193,0.0,0.0,12.0,102,46,9.0,114,,,166,0.0,63,145,41,4097,35.0,175,15.0,13005,4237,,18.0,0.0,,756,0.0,79,17.0,764.0,12.0,93,17.0,8.0,26,0,2944,0.0,,191,55,0.0,0.0,1616,2551,0.0,,9.0,0.0,,25.0,49,305,0.0,69.0,14.0,17.0
2021,7,5.0,6.0,2438,171,,,,94,,4687,233,0.0,,16.0,95,55,18.0,111,5.0,,248,0.0,88,151,58,5507,38.0,225,15.0,15194,4865,,10.0,0.0,0.0,919,,140,15.0,968.0,19.0,112,30.0,,34,0,3852,0.0,0.0,197,74,,0.0,1830,3095,0.0,,,0.0,11.0,48.0,52,327,,19.0,9.0,16.0
2021,8,,,2695,153,0.0,,,127,,6694,223,,,10.0,65,39,18.0,126,15.0,0.0,283,0.0,95,144,63,6889,57.0,306,13.0,17515,5810,,15.0,0.0,,1176,0.0,158,16.0,1356.0,5.0,104,45.0,,57,0,4641,0.0,,283,82,,,2512,3788,0.0,,,0.0,12.0,54.0,110,357,,20.0,7.0,8.0
2021,9,,,3207,184,0.0,0.0,,133,,9417,246,,0.0,6.0,79,437,30.0,117,10.0,0.0,347,0.0,85,134,58,7548,53.0,361,17.0,18957,6442,,8.0,0.0,,1338,0.0,127,31.0,1830.0,,125,76.0,5.0,47,0,4990,0.0,,307,85,,,3907,4681,0.0,,10.0,0.0,13.0,60.0,121,364,0.0,17.0,13.0,13.0
2021,10,,,3441,226,0.0,,,150,0.0,9784,239,0.0,,7.0,122,1755,51.0,134,26.0,0.0,516,,83,152,74,7405,51.0,365,14.0,20438,6736,7.0,23.0,0.0,,1349,0.0,168,23.0,2431.0,12.0,143,75.0,,46,0,4918,0.0,,271,68,5.0,0.0,5015,4785,5.0,5.0,52.0,,11.0,79.0,107,372,0.0,15.0,7.0,12.0
2021,11,,5.0,3902,261,0.0,,,125,0.0,8056,272,,,8.0,194,1850,72.0,146,14.0,,491,0.0,83,158,103,7174,72.0,301,26.0,19448,6583,,22.0,0.0,,1353,0.0,137,22.0,2133.0,40.0,128,62.0,,59,0,5048,0.0,,268,95,6.0,,4364,4543,0.0,,22.0,,7.0,51.0,86,413,0.0,12.0,18.0,14.0
2021,12,,8.0,3433,243,0.0,,0.0,142,0.0,6927,260,0.0,,10.0,153,948,58.0,148,12.0,,456,,108,181,133,7096,59.0,308,25.0,18835,6069,,32.0,0.0,,1253,,123,23.0,1684.0,24.0,151,48.0,0.0,40,0,4827,0.0,0.0,256,78,0.0,0.0,3888,4345,0.0,6.0,18.0,,20.0,51.0,62,355,,11.0,19.0,17.0
2022,1,,8.0,3357,210,,0.0,,148,0.0,6320,263,0.0,0.0,8.0,143,506,54.0,133,,,364,0.0,88,157,119,6842,57.0,313,121.0,18683,6149,,19.0,0.0,0.0,1176,,147,32.0,1634.0,24.0,104,52.0,,54,0,4729,0.0,,263,83,10.0,0.0,3916,4530,,,20.0,,13.0,72.0,54,375,0.0,6.0,9.0,11.0
2022,2,,,3178,201,,0.0,,162,,5396,244,0.0,,14.0,95,268,31.0,121,,,365,,93,183,90,5817,40.0,341,197.0,17339,5668,7.0,26.0,0.0,0.0,1034,0.0,146,28.0,1478.0,23.0,142,27.0,,63,0,4252,0.0,0.0,210,54,5.0,0.0,3537,4449,,,13.0,0.0,13.0,62.0,46,355,0.0,,13.0,15.0
2022,3,,,3231,250,,,,145,0.0,5011,262,0.0,,9.0,171,134,41.0,181,,,316,0.0,86,302,101,5067,50.0,240,25.0,17921,5957,10.0,22.0,0.0,0.0,997,,120,15.0,1440.0,27.0,141,33.0,,77,0,3632,0.0,0.0,221,81,,0.0,3365,4094,5.0,,,,18.0,58.0,34,376,0.0,27.0,22.0,23.0
2022,4,,,2833,211,,,7.0,106,0.0,3820,164,0.0,,18.0,136,71,12.0,144,6.0,,257,0.0,84,354,74,4172,52.0,171,15.0,14818,4988,13.0,22.0,0.0,,828,0.0,100,13.0,1090.0,14.0,93,44.0,0.0,44,0,2959,0.0,0.0,180,66,0.0,0.0,2435,3106,,12.0,7.0,,19.0,30.0,24,307,0.0,78.0,23.0,20.0
2022,5,0.0,,2619,204,0.0,0.0,65.0,78,0.0,3259,189,0.0,,20.0,119,65,9.0,117,,,208,0.0,81,229,67,4091,37.0,146,15.0,14298,4745,,16.0,,0.0,762,0.0,81,16.0,874.0,10.0,104,25.0,,42,0,2758,0.0,,184,68,,0.0,1928,2673,,10.0,5.0,0.0,8.0,57.0,26,265,0.0,68.0,20.0,26.0
2022,6,0.0,,2327,150,0.0,,11.0,87,,3114,159,0.0,,22.0,106,38,12.0,86,7.0,,158,0.0,68,149,53,4147,35.0,164,11.0,13127,4297,5.0,20.0,0.0,,740,0.0,95,13.0,848.0,12.0,107,28.0,,48,0,2948,0.0,0.0,160,69,,0.0,1652,2578,0.0,,8.0,0.0,9.0,47.0,44,256,0.0,45.0,17.0,12.0
2022,7,,,2521,150,,0.0,8.0,98,0.0,4035,189,0.0,0.0,13.0,83,55,15.0,116,6.0,,231,0.0,63,112,60,5040,43.0,206,15.0,14615,4510,,14.0,0.0,,923,0.0,109,17.0,1000.0,16.0,93,24.0,,32,0,3552,0.0,,172,71,,,1834,2995,0.0,8.0,8.0,0.0,12.0,49.0,73,367,0.0,34.0,17.0,21.0
2022,8,,,2900,167,0.0,,0.0,124,0.0,6207,228,,,13.0,82,59,23.0,108,6.0,0.0,308,,77,137,44,6681,63.0,269,14.0,17521,5816,,10.0,0.0,0.0,1194,0.0,149,19.0,1390.0,20.0,89,33.0,5.0,58,0,4489,0.0,0.0,188,80,6.0,0.0,2520,3766,0.0,,7.0,0.0,11.0,75.0,111,417,,17.0,24.0,17.0
2022,9,,,3281,152,0.0,,,134,,8826,256,,,5.0,92,344,18.0,127,11.0,0.0,341,0.0,67,137,58,6838,56.0,306,18.0,19025,6468,,14.0,0.0,,1321,,120,20.0,1993.0,13.0,114,67.0,5.0,45,0,4736,0.0,,216,88,5.0,,3930,4292,0.0,7.0,19.0,0.0,10.0,64.0,135,339,0.0,12.0,8.0,8.0
2022,10,0.0,,3862,228,,0.0,0.0,139,,9421,254,,,10.0,147,1809,47.0,127,15.0,,531,,95,121,79,7206,71.0,280,24.0,21009,6941,0.0,12.0,,,1461,0.0,124,23.0,2552.0,22.0,151,84.0,5.0,67,0,4882,0.0,0.0,183,88,6.0,0.0,5045,4749,0.0,,30.0,,19.0,66.0,107,447,0.0,24.0,14.0,17.0
2022,11,,,3959,301,0.0,,,148,0.0,7519,285,0.0,,,167,1836,57.0,133,9.0,,458,0.0,84,133,111,7171,71.0,329,30.0,20118,6760,10.0,25.0,,,1356,,103,25.0,2192.0,40.0,164,85.0,,46,0,4863,0.0,0.0,221,110,,,4621,4358,,5.0,35.0,,10.0,62.0,67,398,0.0,6.0,8.0,
2022,12,0.0,,3767,234,0.0,0.0,,139,,6347,285,0.0,0.0,11.0,134,1008,48.0,171,,,493,0.0,89,199,112,6595,77.0,285,38.0,19560,6586,5.0,22.0,0.0,,1216,0.0,109,26.0,1817.0,15.0,163,61.0,,40,0,4608,0.0,,193,87,,0.0,4000,4254,0.0,,21.0,,14.0,66.0,65,370,0.0,,14.0,18.0
2023,1,,11.0,3434,223,0.0,,,156,,5763,244,,0.0,14.0,122,531,44.0,127,,,406,0.0,83,131,114,6338,57.0,276,146.0,18687,6172,6.0,18.0,0.0,0.0,1124,0.0,126,23.0,1623.0,21.0,113,42.0,0.0,71,0,4371,0.0,0.0,190,66,,0.0,3695,4114,0.0,,14.0,,16.0,62.0,61,393,0.0,,22.0,15.0
2023,2,,,3144,181,,0.0,0.0,137,,5080,236,0.0,,16.0,118,236,42.0,111,6.0,,320,0.0,93,119,86,5453,52.0,278,215.0,16791,5825,12.0,25.0,0.0,0.0,987,0.0,105,36.0,1466.0,33.0,151,28.0,,181,0,3836,0.0,0.0,254,93,,0.0,3413,4092,,,5.0,0.0,12.0,69.0,45,368,0.0,,8.0,14.0
2023,3,,,3289,227,,0.0,,135,,4539,264,,,22.0,188,146,28.0,181,,,317,0.0,99,263,103,4907,73.0,183,41.0,16739,6383,12.0,24.0,0.0,0.0,936,0.0,95,24.0,1431.0,16.0,120,25.0,,318,0,3491,,,310,96,,0.0,3213,3515,0.0,,10.0,,10.0,58.0,44,388,0.0,19.0,12.0,27.0
2023,4,,0.0,2910,191,0.0,0.0,,104,,3317,192,0.0,0.0,23.0,116,71,25.0,146,,,258,0.0,78,314,72,3986,51.0,143,15.0,14395,5549,13.0,15.0,0.0,0.0,757,0.0,86,12.0,1005.0,16.0,117,29.0,,236,0,2647,,0.0,287,76,,0.0,2308,2866,0.0,7.0,13.0,0.0,16.0,56.0,19,286,0.0,85.0,10.0,28.0
2023,5,,0.0,2620,144,0.0,,10.0,79,0.0,3072,160,0.0,0.0,15.0,98,63,20.0,110,,,175,0.0,76,181,61,3671,68.0,137,20.0,13295,5025,15.0,22.0,0.0,,777,0.0,72,21.0,826.0,11.0,95,23.0,,195,0,2395,0.0,,210,84,,,1917,2322,0.0,9.0,19.0,0.0,15.0,58.0,16,304,,73.0,,9.0
2023,6,0.0,0.0,2243,136,0.0,0.0,,99,0.0,2967,201,,,19.0,75,38,12.0,107,0.0,,176,0.0,72,132,53,3992,50.0,184,25.0,12945,4540,7.0,25.0,0.0,0.0,737,0.0,65,18.0,775.0,14.0,102,16.0,0.0,189,7,2507,0.0,,215,66,0.0,0.0,1619,2234,0.0,,5.0,0.0,5.0,43.0,21,297,0.0,58.0,8.0,10.0
2023,7,0.0,,2105,134,0.0,0.0,,94,,3392,166,,0.0,9.0,40,64,13.0,76,,,164,0.0,64,127,53,4210,43.0,175,19.0,12539,4357,,6.0,0.0,,709,0.0,65,17.0,799.0,16.0,93,14.0,,134,18,2705,0.0,,193,42,0.0,,1427,2236,0.0,6.0,8.0,0.0,,46.0,45,300,,30.0,11.0,12.0
