year,month,ai,ar,be,bl,fl,fr,gl,gr,ju,lu,ne,nw,ow,sg,so,sz,tg,ti,ur,vd,vs,zg,zh,
2010,1,0.0,0.0,6.0,0.0,0.0,0.0,0.0,0.0,0.0,0.0,0.0,0.0,0.0,0.0,0.0,0.0,0.0,,0.0,0.0,0.0,0.0,0.0,0.0
2010,2,0.0,0.0,,0.0,0.0,0.0,0.0,0.0,,0.0,0.0,0.0,0.0,0.0,0.0,,0.0,0.0,0.0,,0.0,0.0,0.0,0.0
2010,3,0.0,0.0,,0.0,0.0,0.0,0.0,0.0,8.0,0.0,0.0,0.0,0.0,0.0,,6.0,0.0,0.0,0.0,0.0,0.0,0.0,0.0,0.0
2010,4,0.0,0.0,,0.0,0.0,0.0,0.0,0.0,,0.0,0.0,0.0,0.0,0.0,0.0,0.0,0.0,0.0,0.0,5.0,,0.0,0.0,0.0
2010,5,6.0,,27.0,0.0,0.0,33.0,,,,,7.0,,5.0,8.0,,13.0,0.0,,,61.0,0.0,0.0,0.0,8.0
2010,6,14.0,26.0,135.0,0.0,,86.0,25.0,113.0,,14.0,29.0,24.0,37.0,46.0,24.0,45.0,0.0,17.0,15.0,227.0,30.0,0.0,0.0,15.0
2010,7,33.0,29.0,243.0,0.0,0.0,148.0,41.0,507.0,10.0,30.0,36.0,38.0,64.0,103.0,45.0,134.0,0.0,19.0,46.0,298.0,58.0,0.0,0.0,23.0
2010,8,45.0,68.0,321.0,0.0,0.0,210.0,30.0,751.0,30.0,34.0,27.0,51.0,91.0,152.0,25.0,105.0,0.0,17.0,43.0,482.0,117.0,0.0,0.0,74.0
2010,9,8.0,57.0,300.0,0.0,0.0,167.0,82.0,442.0,14.0,23.0,23.0,49.0,113.0,73.0,11.0,43.0,0.0,6.0,10.0,349.0,106.0,0.0,0.0,61.0
2010,10,9.0,0.0,24.0,0.0,0.0,18.0,,8.0,,,,6.0,,,,,0.0,10.0,0.0,71.0,14.0,0.0,0.0,19.0
2010,11,12.0,0.0,5.0,0.0,0.0,0.0,0.0,0.0,0.0,0.0,0.0,,,0.0,0.0,0.0,0.0,0.0,0.0,0.0,0.0,0.0,0.0,0.0
2010,12,5.0,0.0,,0.0,0.0,0.0,0.0,0.0,0.0,0.0,0.0,0.0,0.0,0.0,0.0,0.0,0.0,0.0,0.0,0.0,,0.0,0.0,0.0
2011,1,0.0,0.0,0.0,0.0,0.0,0.0,0.0,0.0,0.0,0.0,0.0,0.0,0.0,0.0,0.0,0.0,0.0,,0.0,0.0,0.0,0.0,0.0,0.0
2011,2,0.0,0.0,,0.0,0.0,0.0,0.0,0.0,0.0,0.0,0.0,0.0,0.0,0.0,0.0,0.0,0.0,0.0,0.0,0.0,0.0,0.0,0.0,0.0
2011,3,0.0,0.0,7.0,0.0,0.0,0.0,0.0,0.0,6.0,0.0,0.0,0.0,0.0,0.0,0.0,0.0,0.0,,0.0,0.0,0.0,0.0,0.0,0.0
2011,4,,0.0,6.0,0.0,0.0,0.0,0.0,0.0,5.0,0.0,0.0,0.0,0.0,0.0,0.0,0.0,0.0,0.0,0.0,0.0,0.0,0.0,0.0,0.0
2011,5,11.0,22.0,29.0,0.0,0.0,44.0,5.0,,,9.0,9.0,9.0,21.0,11.0,10.0,20.0,0.0,,,116.0,,,0.0,10.0
2011,6,23.0,17.0,140.0,0.0,0.0,108.0,33.0,120.0,6.0,14.0,19.0,26.0,47.0,63.0,41.0,64.0,0.0,16.0,38.0,233.0,24.0,0.0,0.0,25.0
2011,7,21.0,30.0,240.0,0.0,0.0,140.0,35.0,469.0,7.0,36.0,47.0,38.0,58.0,102.0,50.0,107.0,0.0,19.0,43.0,322.0,51.0,,0.0,46.0
2011,8,42.0,63.0,343.0,0.0,0.0,239.0,51.0,879.0,27.0,34.0,31.0,37.0,107.0,145.0,24.0,105.0,0.0,25.0,22.0,459.0,71.0,0.0,0.0,83.0
2011,9,6.0,44.0,245.0,0.0,0.0,202.0,87.0,436.0,24.0,26.0,10.0,45.0,103.0,40.0,10.0,39.0,0.0,16.0,30.0,360.0,62.0,,0.0,59.0
2011,10,0.0,0.0,30.0,0.0,0.0,15.0,0.0,29.0,,,,5.0,,,0.0,6.0,0.0,15.0,,36.0,31.0,0.0,0.0,5.0
2011,11,0.0,0.0,,0.0,0.0,0.0,0.0,0.0,0.0,,0.0,0.0,0.0,0.0,0.0,0.0,0.0,0.0,0.0,0.0,,0.0,0.0,0.0
2011,12,0.0,0.0,,0.0,0.0,0.0,0.0,0.0,0.0,0.0,0.0,0.0,0.0,0.0,0.0,0.0,0.0,,0.0,0.0,,0.0,0.0,0.0
2012,1,0.0,0.0,,0.0,0.0,0.0,0.0,0.0,0.0,0.0,0.0,0.0,0.0,0.0,0.0,0.0,0.0,0.0,0.0,,0.0,0.0,0.0,0.0
2012,2,0.0,0.0,,0.0,0.0,0.0,0.0,0.0,0.0,0.0,0.0,0.0,0.0,0.0,0.0,0.0,0.0,,0.0,0.0,,0.0,0.0,0.0
2012,3,0.0,0.0,10.0,0.0,0.0,0.0,0.0,0.0,0.0,0.0,0.0,0.0,0.0,0.0,0.0,0.0,0.0,0.0,0.0,,0.0,0.0,0.0,0.0
2012,4,0.0,0.0,,0.0,0.0,0.0,0.0,0.0,0.0,0.0,0.0,0.0,0.0,0.0,0.0,0.0,0.0,0.0,0.0,0.0,0.0,0.0,0.0,0.0
2012,5,9.0,11.0,21.0,0.0,0.0,31.0,,,,,5.0,0.0,12.0,,,15.0,0.0,6.0,,60.0,,,0.0,
2012,6,16.0,21.0,119.0,0.0,0.0,78.0,14.0,130.0,,16.0,24.0,21.0,23.0,27.0,23.0,39.0,0.0,15.0,15.0,195.0,19.0,0.0,0.0,15.0
2012,7,27.0,24.0,235.0,,0.0,128.0,44.0,515.0,7.0,35.0,32.0,37.0,55.0,105.0,29.0,107.0,0.0,38.0,36.0,314.0,53.0,,0.0,53.0
2012,8,65.0,68.0,382.0,,0.0,222.0,76.0,857.0,15.0,53.0,33.0,68.0,121.0,158.0,25.0,135.0,0.0,33.0,38.0,488.0,74.0,,0.0,84.0
2012,9,28.0,38.0,268.0,,0.0,178.0,70.0,401.0,21.0,22.0,24.0,59.0,90.0,64.0,7.0,49.0,0.0,29.0,26.0,379.0,99.0,0.0,0.0,45.0
2012,10,0.0,0.0,54.0,0.0,0.0,25.0,0.0,35.0,,,,,,0.0,,0.0,0.0,11.0,,57.0,15.0,0.0,0.0,19.0
2012,11,,0.0,,0.0,0.0,,0.0,0.0,6.0,0.0,0.0,0.0,0.0,0.0,0.0,0.0,0.0,,,,0.0,0.0,0.0,0.0
2012,12,0.0,0.0,6.0,0.0,0.0,0.0,0.0,0.0,0.0,0.0,0.0,,0.0,0.0,0.0,0.0,0.0,,0.0,0.0,0.0,0.0,0.0,0.0
2013,1,0.0,0.0,,0.0,0.0,0.0,0.0,0.0,0.0,0.0,0.0,0.0,0.0,0.0,0.0,0.0,0.0,,0.0,0.0,,0.0,0.0,0.0
2013,2,0.0,0.0,,0.0,0.0,0.0,0.0,0.0,0.0,0.0,0.0,0.0,0.0,0.0,,0.0,0.0,,0.0,0.0,0.0,0.0,0.0,0.0
2013,3,0.0,0.0,,0.0,0.0,0.0,0.0,0.0,,0.0,0.0,0.0,0.0,0.0,0.0,0.0,0.0,0.0,0.0,0.0,0.0,0.0,0.0,0.0
2013,4,0.0,0.0,,0.0,0.0,0.0,0.0,0.0,0.0,0.0,0.0,0.0,0.0,0.0,0.0,0.0,0.0,0.0,0.0,0.0,0.0,0.0,0.0,0.0
2013,5,10.0,,20.0,0.0,0.0,24.0,0.0,,,,,,,0.0,,6.0,0.0,9.0,0.0,73.0,,0.0,0.0,
2013,6,21.0,16.0,116.0,0.0,0.0,84.0,21.0,124.0,5.0,18.0,13.0,9.0,32.0,40.0,15.0,38.0,0.0,33.0,13.0,237.0,23.0,0.0,0.0,20.0
2013,7,29.0,23.0,274.0,0.0,0.0,140.0,37.0,616.0,25.0,50.0,39.0,44.0,74.0,144.0,32.0,120.0,0.0,39.0,40.0,324.0,76.0,,0.0,47.0
2013,8,78.0,96.0,451.0,,0.0,259.0,86.0,984.0,25.0,52.0,45.0,71.0,131.0,199.0,29.0,151.0,0.0,37.0,50.0,501.0,130.0,,0.0,72.0
2013,9,33.0,36.0,367.0,0.0,0.0,216.0,112.0,499.0,24.0,39.0,34.0,39.0,130.0,65.0,9.0,86.0,0.0,25.0,30.0,430.0,113.0,0.0,0.0,49.0
2013,10,16.0,0.0,43.0,0.0,0.0,41.0,0.0,18.0,8.0,,7.0,6.0,10.0,,0.0,,0.0,10.0,,75.0,37.0,0.0,0.0,12.0
2013,11,5.0,0.0,,0.0,0.0,,0.0,0.0,0.0,0.0,0.0,0.0,0.0,0.0,0.0,0.0,0.0,7.0,0.0,0.0,,0.0,0.0,
2013,12,,0.0,,0.0,0.0,0.0,0.0,0.0,0.0,,0.0,0.0,0.0,0.0,0.0,0.0,0.0,0.0,0.0,0.0,0.0,0.0,0.0,0.0
2014,1,0.0,0.0,,0.0,0.0,0.0,0.0,0.0,0.0,0.0,0.0,0.0,0.0,0.0,0.0,0.0,0.0,0.0,0.0,0.0,0.0,0.0,0.0,0.0
2014,2,0.0,0.0,,0.0,0.0,0.0,0.0,0.0,0.0,0.0,0.0,0.0,0.0,0.0,0.0,0.0,0.0,0.0,0.0,0.0,0.0,0.0,0.0,0.0
2014,3,0.0,0.0,,0.0,0.0,0.0,0.0,0.0,,0.0,0.0,0.0,0.0,0.0,0.0,0.0,0.0,0.0,0.0,0.0,0.0,0.0,0.0,0.0
2014,4,0.0,0.0,,0.0,0.0,0.0,0.0,0.0,0.0,0.0,0.0,0.0,0.0,0.0,0.0,0.0,0.0,0.0,0.0,0.0,0.0,0.0,0.0,0.0
2014,5,13.0,13.0,42.0,0.0,0.0,49.0,0.0,0.0,0.0,7.0,,6.0,10.0,5.0,,12.0,0.0,,,121.0,,0.0,0.0,6.0
2014,6,26.0,31.0,167.0,0.0,0.0,110.0,30.0,196.0,10.0,28.0,22.0,22.0,42.0,63.0,20.0,84.0,0.0,24.0,21.0,267.0,29.0,0.0,0.0,25.0
2014,7,24.0,27.0,270.0,0.0,0.0,139.0,38.0,715.0,12.0,44.0,60.0,54.0,75.0,142.0,24.0,139.0,0.0,30.0,50.0,349.0,85.0,,0.0,51.0
2014,8,71.0,72.0,455.0,,0.0,242.0,91.0,990.0,15.0,55.0,42.0,50.0,142.0,172.0,24.0,179.0,0.0,33.0,39.0,529.0,117.0,0.0,0.0,85.0
2014,9,30.0,26.0,373.0,,0.0,207.0,113.0,544.0,9.0,30.0,49.0,44.0,143.0,69.0,14.0,40.0,0.0,21.0,27.0,444.0,123.0,0.0,0.0,24.0
2014,10,0.0,0.0,33.0,0.0,0.0,31.0,0.0,55.0,,,,,5.0,0.0,,,0.0,,,55.0,44.0,0.0,0.0,17.0
2014,11,0.0,0.0,,0.0,0.0,0.0,0.0,0.0,0.0,0.0,0.0,0.0,0.0,0.0,0.0,0.0,0.0,0.0,0.0,0.0,0.0,0.0,0.0,0.0
2014,12,0.0,0.0,,0.0,0.0,0.0,0.0,0.0,0.0,0.0,0.0,0.0,0.0,0.0,0.0,0.0,0.0,0.0,0.0,0.0,0.0,0.0,0.0,0.0
2015,1,0.0,0.0,,0.0,0.0,0.0,0.0,0.0,0.0,0.0,0.0,0.0,0.0,0.0,0.0,0.0,0.0,0.0,0.0,0.0,0.0,0.0,0.0,0.0
2015,2,0.0,0.0,,0.0,0.0,0.0,0.0,0.0,0.0,0.0,0.0,0.0,0.0,0.0,0.0,0.0,0.0,0.0,0.0,0.0,0.0,0.0,0.0,0.0
2015,3,0.0,0.0,,0.0,0.0,0.0,0.0,0.0,0.0,0.0,0.0,0.0,0.0,0.0,0.0,0.0,0.0,0.0,0.0,0.0,0.0,0.0,0.0,0.0
2015,4,0.0,0.0,,0.0,0.0,,0.0,0.0,,0.0,0.0,0.0,0.0,0.0,0.0,0.0,0.0,0.0,0.0,,0.0,0.0,0.0,0.0
2015,5,13.0,8.0,33.0,0.0,0.0,47.0,0.0,,5.0,9.0,,,11.0,5.0,,15.0,0.0,7.0,0.0,77.0,15.0,0.0,0.0,9.0
2015,6,13.0,29.0,163.0,0.0,0.0,126.0,34.0,185.0,10.0,21.0,38.0,22.0,29.0,66.0,27.0,97.0,0.0,19.0,27.0,257.0,49.0,,0.0,55.0
2015,7,26.0,36.0,298.0,0.0,0.0,144.0,54.0,710.0,14.0,39.0,46.0,58.0,68.0,148.0,37.0,165.0,0.0,37.0,70.0,327.0,125.0,,0.0,49.0
2015,8,75.0,68.0,485.0,,0.0,225.0,79.0,1106.0,20.0,55.0,31.0,66.0,114.0,177.0,25.0,144.0,0.0,29.0,50.0,500.0,115.0,0.0,0.0,78.0
2015,9,37.0,44.0,382.0,,0.0,201.0,134.0,585.0,14.0,29.0,35.0,54.0,166.0,88.0,13.0,53.0,0.0,24.0,14.0,441.0,111.0,,0.0,46.0
2015,10,0.0,0.0,35.0,0.0,0.0,33.0,0.0,26.0,,,9.0,,,0.0,5.0,,0.0,9.0,,76.0,31.0,0.0,0.0,10.0
2015,11,0.0,0.0,,0.0,0.0,0.0,0.0,0.0,0.0,0.0,0.0,0.0,0.0,0.0,0.0,0.0,0.0,0.0,0.0,,0.0,0.0,0.0,0.0
2015,12,0.0,0.0,8.0,0.0,0.0,0.0,,0.0,0.0,0.0,0.0,0.0,0.0,0.0,,0.0,0.0,0.0,0.0,0.0,0.0,0.0,0.0,0.0
2016,1,0.0,0.0,,0.0,0.0,0.0,0.0,0.0,0.0,0.0,0.0,0.0,0.0,0.0,,0.0,0.0,0.0,0.0,0.0,0.0,0.0,0.0,0.0
2016,2,0.0,0.0,,0.0,0.0,0.0,0.0,0.0,0.0,0.0,0.0,0.0,0.0,0.0,0.0,0.0,0.0,0.0,0.0,0.0,0.0,0.0,0.0,0.0
2016,3,0.0,0.0,0.0,0.0,0.0,0.0,0.0,0.0,0.0,0.0,0.0,0.0,0.0,0.0,0.0,0.0,0.0,0.0,0.0,0.0,0.0,0.0,0.0,0.0
2016,4,0.0,0.0,,0.0,0.0,0.0,0.0,0.0,,0.0,0.0,0.0,0.0,0.0,0.0,0.0,0.0,0.0,0.0,0.0,0.0,0.0,0.0,0.0
2016,5,,8.0,41.0,0.0,0.0,57.0,,,6.0,,,0.0,11.0,6.0,7.0,8.0,0.0,,,82.0,,0.0,0.0,6.0
2016,6,24.0,42.0,217.0,0.0,0.0,124.0,38.0,158.0,29.0,24.0,38.0,30.0,34.0,62.0,11.0,84.0,0.0,17.0,26.0,271.0,33.0,,0.0,21.0
2016,7,32.0,36.0,326.0,0.0,0.0,158.0,52.0,671.0,34.0,33.0,61.0,52.0,74.0,132.0,48.0,176.0,0.0,34.0,57.0,418.0,112.0,,0.0,55.0
2016,8,86.0,93.0,527.0,0.0,,259.0,78.0,1122.0,37.0,52.0,55.0,81.0,174.0,212.0,37.0,195.0,0.0,25.0,71.0,577.0,108.0,,0.0,79.0
2016,9,17.0,42.0,489.0,10.0,0.0,234.0,147.0,612.0,22.0,28.0,43.0,62.0,198.0,121.0,16.0,97.0,0.0,38.0,40.0,495.0,129.0,0.0,0.0,43.0
2016,10,0.0,0.0,41.0,,0.0,29.0,0.0,30.0,12.0,,5.0,,6.0,0.0,,,0.0,7.0,0.0,86.0,30.0,0.0,0.0,13.0
2016,11,0.0,0.0,12.0,0.0,0.0,0.0,0.0,0.0,0.0,0.0,0.0,0.0,0.0,0.0,0.0,0.0,0.0,0.0,0.0,0.0,0.0,0.0,0.0,0.0
2016,12,0.0,0.0,12.0,0.0,0.0,0.0,0.0,0.0,0.0,0.0,0.0,0.0,0.0,0.0,0.0,0.0,0.0,0.0,0.0,0.0,,0.0,0.0,0.0
2017,1,0.0,0.0,6.0,0.0,0.0,0.0,0.0,0.0,0.0,0.0,0.0,0.0,0.0,0.0,0.0,0.0,0.0,0.0,0.0,0.0,0.0,0.0,0.0,0.0
2017,2,0.0,0.0,,0.0,0.0,0.0,0.0,0.0,0.0,0.0,0.0,0.0,0.0,0.0,0.0,0.0,0.0,0.0,0.0,0.0,0.0,0.0,0.0,0.0
2017,3,0.0,0.0,,0.0,0.0,0.0,0.0,0.0,0.0,0.0,0.0,0.0,0.0,0.0,0.0,0.0,0.0,0.0,0.0,0.0,0.0,0.0,0.0,0.0
2017,4,0.0,0.0,0.0,0.0,0.0,,0.0,0.0,0.0,0.0,0.0,0.0,0.0,0.0,0.0,0.0,0.0,0.0,0.0,0.0,0.0,0.0,0.0,0.0
2017,5,,15.0,54.0,0.0,0.0,59.0,,,,,11.0,,13.0,8.0,,12.0,0.0,10.0,0.0,93.0,,0.0,0.0,5.0
2017,6,16.0,41.0,230.0,0.0,0.0,110.0,39.0,187.0,21.0,13.0,27.0,26.0,37.0,85.0,24.0,86.0,0.0,25.0,32.0,266.0,39.0,,0.0,26.0
2017,7,41.0,50.0,332.0,0.0,,158.0,62.0,661.0,24.0,32.0,44.0,40.0,47.0,116.0,35.0,158.0,0.0,31.0,61.0,355.0,124.0,,0.0,59.0
2017,8,67.0,86.0,496.0,,,281.0,96.0,1087.0,22.0,58.0,43.0,75.0,142.0,185.0,33.0,179.0,0.0,50.0,58.0,623.0,132.0,,0.0,82.0
2017,9,26.0,30.0,408.0,9.0,,169.0,130.0,558.0,35.0,21.0,43.0,56.0,195.0,96.0,12.0,77.0,0.0,27.0,31.0,495.0,118.0,0.0,0.0,31.0
2017,10,6.0,0.0,56.0,,0.0,34.0,0.0,23.0,8.0,,,,5.0,,,,0.0,,,65.0,21.0,0.0,0.0,14.0
2017,11,,0.0,11.0,0.0,0.0,,0.0,0.0,0.0,0.0,0.0,0.0,0.0,0.0,0.0,,0.0,,0.0,,0.0,0.0,0.0,
2017,12,0.0,0.0,,0.0,0.0,0.0,0.0,0.0,0.0,0.0,0.0,0.0,0.0,0.0,0.0,,0.0,0.0,0.0,0.0,0.0,0.0,0.0,0.0
2018,1,0.0,0.0,7.0,0.0,0.0,0.0,0.0,0.0,0.0,0.0,0.0,0.0,0.0,0.0,0.0,0.0,0.0,0.0,0.0,0.0,0.0,0.0,0.0,0.0
2018,2,0.0,0.0,,0.0,0.0,0.0,0.0,0.0,0.0,0.0,0.0,0.0,0.0,0.0,0.0,,0.0,0.0,0.0,0.0,0.0,0.0,0.0,0.0
2018,3,0.0,0.0,,0.0,0.0,0.0,0.0,0.0,0.0,0.0,0.0,0.0,0.0,0.0,0.0,0.0,0.0,0.0,0.0,0.0,0.0,0.0,0.0,0.0
2018,4,0.0,0.0,0.0,0.0,0.0,,0.0,0.0,,0.0,0.0,0.0,0.0,0.0,0.0,0.0,0.0,0.0,0.0,0.0,0.0,0.0,0.0,0.0
2018,5,9.0,22.0,51.0,0.0,0.0,36.0,,9.0,6.0,6.0,7.0,5.0,12.0,23.0,0.0,16.0,0.0,5.0,0.0,115.0,5.0,,0.0,
2018,6,25.0,48.0,236.0,0.0,0.0,108.0,56.0,157.0,18.0,14.0,38.0,31.0,50.0,82.0,30.0,88.0,0.0,27.0,27.0,347.0,76.0,,0.0,19.0
2018,7,40.0,48.0,333.0,0.0,,149.0,53.0,681.0,24.0,33.0,29.0,44.0,62.0,127.0,45.0,160.0,0.0,38.0,52.0,397.0,122.0,,,38.0
2018,8,87.0,67.0,547.0,0.0,,253.0,94.0,1032.0,47.0,44.0,37.0,92.0,159.0,217.0,31.0,186.0,,31.0,56.0,594.0,176.0,,0.0,70.0
2018,9,21.0,19.0,411.0,0.0,0.0,186.0,143.0,543.0,32.0,24.0,28.0,59.0,157.0,81.0,17.0,76.0,0.0,29.0,37.0,478.0,128.0,0.0,0.0,53.0
2018,10,0.0,0.0,43.0,0.0,0.0,29.0,0.0,38.0,9.0,0.0,5.0,7.0,11.0,,,,0.0,7.0,,111.0,42.0,0.0,0.0,14.0
2018,11,0.0,0.0,5.0,0.0,0.0,0.0,0.0,0.0,0.0,0.0,0.0,0.0,0.0,,0.0,0.0,0.0,,0.0,0.0,,0.0,0.0,0.0
2018,12,0.0,0.0,5.0,0.0,0.0,0.0,0.0,0.0,0.0,0.0,0.0,0.0,0.0,,0.0,0.0,0.0,0.0,0.0,0.0,0.0,0.0,0.0,0.0
2019,1,0.0,0.0,,0.0,0.0,0.0,0.0,0.0,0.0,0.0,0.0,0.0,0.0,0.0,0.0,0.0,0.0,0.0,0.0,,0.0,0.0,0.0,0.0
2019,2,,0.0,0.0,0.0,0.0,0.0,0.0,0.0,0.0,0.0,0.0,0.0,0.0,0.0,0.0,0.0,0.0,0.0,0.0,,0.0,0.0,0.0,0.0
2019,3,0.0,0.0,,0.0,0.0,0.0,0.0,0.0,0.0,0.0,0.0,0.0,0.0,0.0,0.0,0.0,0.0,,0.0,,0.0,0.0,0.0,0.0
2019,4,0.0,0.0,5.0,0.0,0.0,0.0,0.0,0.0,,0.0,0.0,0.0,0.0,0.0,0.0,0.0,0.0,0.0,0.0,0.0,0.0,0.0,0.0,0.0
2019,5,,5.0,35.0,0.0,0.0,27.0,0.0,,,0.0,,0.0,,0.0,6.0,,0.0,12.0,0.0,73.0,,0.0,0.0,
2019,6,15.0,28.0,190.0,0.0,0.0,94.0,26.0,125.0,6.0,21.0,18.0,35.0,32.0,53.0,41.0,79.0,0.0,14.0,20.0,269.0,51.0,,0.0,23.0
2019,7,67.0,51.0,378.0,0.0,,179.0,54.0,663.0,23.0,45.0,41.0,50.0,90.0,98.0,48.0,175.0,0.0,35.0,40.0,461.0,135.0,,,43.0
2019,8,99.0,111.0,562.0,,,271.0,97.0,966.0,26.0,40.0,32.0,85.0,163.0,237.0,34.0,204.0,,40.0,68.0,572.0,162.0,5.0,,60.0
2019,9,26.0,53.0,549.0,10.0,,226.0,169.0,630.0,40.0,25.0,46.0,62.0,159.0,124.0,12.0,91.0,,35.0,46.0,504.0,147.0,0.0,,33.0
2019,10,0.0,0.0,59.0,,0.0,36.0,0.0,28.0,13.0,0.0,,6.0,11.0,,,,,8.0,0.0,100.0,60.0,0.0,0.0,15.0
2019,11,0.0,0.0,10.0,0.0,0.0,0.0,0.0,0.0,0.0,0.0,0.0,0.0,0.0,0.0,0.0,0.0,0.0,,0.0,0.0,0.0,0.0,0.0,
2019,12,0.0,0.0,,0.0,0.0,0.0,0.0,0.0,0.0,0.0,0.0,0.0,0.0,0.0,0.0,0.0,0.0,0.0,0.0,0.0,0.0,0.0,0.0,0.0
2020,1,0.0,0.0,0.0,0.0,0.0,0.0,0.0,0.0,0.0,0.0,0.0,0.0,0.0,0.0,0.0,0.0,0.0,0.0,0.0,0.0,0.0,0.0,0.0,0.0
2020,2,0.0,0.0,,0.0,0.0,0.0,0.0,0.0,0.0,0.0,0.0,0.0,0.0,0.0,0.0,0.0,0.0,0.0,0.0,0.0,0.0,0.0,0.0,0.0
2020,3,0.0,0.0,,0.0,0.0,0.0,0.0,0.0,0.0,0.0,0.0,0.0,0.0,0.0,0.0,0.0,0.0,0.0,0.0,0.0,0.0,0.0,0.0,0.0
2020,4,0.0,0.0,,0.0,0.0,,0.0,0.0,,0.0,0.0,0.0,0.0,0.0,0.0,0.0,0.0,0.0,0.0,,0.0,0.0,0.0,0.0
2020,5,13.0,20.0,91.0,0.0,0.0,80.0,8.0,7.0,11.0,10.0,9.0,26.0,16.0,13.0,,34.0,0.0,18.0,5.0,150.0,14.0,0.0,0.0,
2020,6,17.0,29.0,244.0,0.0,0.0,121.0,42.0,185.0,12.0,28.0,30.0,34.0,52.0,70.0,33.0,88.0,0.0,23.0,35.0,314.0,76.0,,0.0,17.0
2020,7,46.0,46.0,385.0,0.0,0.0,147.0,54.0,605.0,21.0,45.0,60.0,57.0,127.0,109.0,36.0,189.0,0.0,40.0,31.0,488.0,182.0,5.0,0.0,44.0
2020,8,94.0,77.0,553.0,,,300.0,102.0,909.0,20.0,39.0,42.0,78.0,179.0,172.0,25.0,184.0,,58.0,53.0,578.0,136.0,0.0,,76.0
2020,9,25.0,46.0,457.0,13.0,0.0,227.0,121.0,566.0,48.0,16.0,45.0,51.0,172.0,104.0,24.0,83.0,,42.0,27.0,429.0,140.0,0.0,,46.0
2020,10,0.0,0.0,38.0,,0.0,28.0,0.0,34.0,16.0,,6.0,,10.0,0.0,,,0.0,16.0,0.0,41.0,33.0,0.0,0.0,9.0
2020,11,0.0,0.0,8.0,0.0,0.0,0.0,0.0,0.0,0.0,0.0,0.0,0.0,0.0,0.0,,0.0,0.0,0.0,0.0,0.0,0.0,0.0,0.0,9.0
2020,12,0.0,0.0,12.0,0.0,0.0,0.0,0.0,0.0,0.0,0.0,0.0,0.0,0.0,0.0,0.0,0.0,0.0,0.0,0.0,0.0,0.0,0.0,0.0,0.0
2021,1,0.0,0.0,,0.0,0.0,0.0,0.0,0.0,0.0,0.0,0.0,0.0,0.0,0.0,0.0,0.0,0.0,0.0,0.0,0.0,0.0,0.0,0.0,0.0
2021,2,0.0,0.0,,0.0,0.0,,0.0,0.0,0.0,0.0,0.0,0.0,0.0,0.0,0.0,0.0,0.0,0.0,0.0,0.0,0.0,0.0,0.0,0.0
2021,3,0.0,0.0,,0.0,0.0,0.0,0.0,0.0,0.0,0.0,0.0,0.0,0.0,0.0,0.0,0.0,0.0,0.0,0.0,0.0,0.0,0.0,0.0,0.0
2021,4,0.0,0.0,5.0,0.0,0.0,0.0,0.0,,,0.0,0.0,0.0,0.0,0.0,0.0,0.0,0.0,0.0,0.0,0.0,0.0,0.0,0.0,0.0
2021,5,,,37.0,0.0,0.0,23.0,0.0,,11.0,,6.0,,5.0,0.0,0.0,9.0,0.0,7.0,0.0,81.0,11.0,0.0,0.0,
2021,6,21.0,27.0,190.0,0.0,0.0,109.0,28.0,91.0,9.0,22.0,39.0,21.0,33.0,53.0,20.0,89.0,0.0,7.0,12.0,302.0,48.0,,0.0,22.0
2021,7,44.0,57.0,345.0,,7.0,175.0,51.0,534.0,14.0,35.0,37.0,56.0,114.0,145.0,27.0,195.0,,42.0,51.0,427.0,149.0,,,27.0
2021,8,136.0,92.0,603.0,,,284.0,81.0,806.0,31.0,42.0,52.0,84.0,164.0,214.0,30.0,237.0,,54.0,54.0,574.0,124.0,,,77.0
2021,9,20.0,58.0,548.0,12.0,0.0,194.0,172.0,565.0,43.0,36.0,51.0,56.0,227.0,90.0,14.0,116.0,0.0,59.0,53.0,565.0,180.0,0.0,0.0,27.0
2021,10,0.0,0.0,50.0,0.0,0.0,18.0,0.0,59.0,13.0,0.0,5.0,,8.0,,6.0,,0.0,22.0,0.0,100.0,24.0,0.0,0.0,33.0
2021,11,0.0,0.0,6.0,0.0,0.0,5.0,0.0,0.0,,0.0,0.0,0.0,0.0,0.0,,0.0,0.0,0.0,0.0,,0.0,0.0,0.0,
2021,12,0.0,0.0,5.0,0.0,0.0,0.0,0.0,0.0,0.0,0.0,0.0,0.0,0.0,0.0,0.0,0.0,0.0,0.0,0.0,0.0,0.0,0.0,0.0,0.0
2022,1,0.0,0.0,12.0,0.0,0.0,0.0,0.0,0.0,0.0,0.0,0.0,0.0,0.0,0.0,0.0,0.0,0.0,0.0,0.0,0.0,0.0,0.0,0.0,0.0
2022,2,0.0,0.0,7.0,0.0,0.0,0.0,0.0,0.0,0.0,0.0,0.0,0.0,0.0,0.0,0.0,0.0,0.0,0.0,0.0,0.0,0.0,0.0,0.0,0.0
2022,3,0.0,0.0,,0.0,0.0,0.0,0.0,0.0,,0.0,0.0,0.0,0.0,0.0,0.0,0.0,0.0,0.0,0.0,0.0,0.0,0.0,0.0,0.0
2022,4,0.0,0.0,,0.0,0.0,0.0,0.0,0.0,,0.0,0.0,0.0,0.0,0.0,0.0,0.0,0.0,0.0,0.0,0.0,0.0,0.0,0.0,0.0
2022,5,9.0,10.0,57.0,0.0,0.0,64.0,6.0,10.0,15.0,,16.0,14.0,21.0,14.0,,28.0,0.0,,,147.0,19.0,0.0,0.0,
2022,6,21.0,40.0,284.0,0.0,0.0,139.0,31.0,173.0,12.0,33.0,23.0,24.0,43.0,81.0,28.0,121.0,0.0,23.0,27.0,384.0,84.0,,,17.0
2022,7,39.0,38.0,407.0,0.0,,198.0,47.0,462.0,16.0,38.0,54.0,39.0,100.0,118.0,35.0,178.0,,40.0,52.0,419.0,146.0,,0.0,32.0
2022,8,101.0,83.0,588.0,0.0,,240.0,81.0,693.0,34.0,28.0,32.0,83.0,148.0,175.0,21.0,175.0,,62.0,41.0,504.0,159.0,,0.0,57.0
2022,9,27.0,38.0,349.0,14.0,0.0,136.0,135.0,456.0,13.0,25.0,24.0,60.0,161.0,117.0,11.0,74.0,0.0,53.0,22.0,398.0,101.0,0.0,0.0,25.0
2022,10,0.0,0.0,36.0,,0.0,15.0,0.0,29.0,11.0,,0.0,,0.0,0.0,11.0,,0.0,12.0,0.0,71.0,13.0,0.0,10.0,34.0
2022,11,0.0,0.0,,0.0,0.0,,0.0,0.0,0.0,0.0,0.0,0.0,0.0,0.0,0.0,0.0,0.0,0.0,0.0,7.0,,0.0,0.0,
2022,12,0.0,0.0,,0.0,0.0,0.0,0.0,0.0,0.0,0.0,0.0,0.0,0.0,0.0,0.0,0.0,0.0,0.0,0.0,0.0,0.0,0.0,0.0,0.0
2023,1,0.0,0.0,,0.0,0.0,0.0,0.0,0.0,0.0,0.0,0.0,0.0,0.0,0.0,0.0,0.0,0.0,0.0,0.0,0.0,0.0,0.0,0.0,0.0
2023,2,0.0,0.0,,0.0,0.0,0.0,0.0,0.0,0.0,0.0,0.0,0.0,0.0,0.0,0.0,0.0,0.0,0.0,0.0,0.0,0.0,0.0,0.0,0.0
2023,3,0.0,0.0,,0.0,0.0,0.0,0.0,0.0,0.0,0.0,0.0,0.0,0.0,0.0,0.0,0.0,0.0,0.0,0.0,0.0,0.0,0.0,0.0,0.0
2023,4,0.0,0.0,9.0,0.0,0.0,0.0,0.0,0.0,0.0,0.0,0.0,0.0,0.0,0.0,0.0,0.0,0.0,0.0,0.0,0.0,,0.0,0.0,0.0
2023,5,7.0,6.0,78.0,0.0,0.0,48.0,0.0,17.0,11.0,8.0,6.0,,11.0,17.0,,27.0,0.0,,,152.0,16.0,0.0,0.0,
2023,6,11.0,23.0,251.0,0.0,0.0,106.0,38.0,119.0,,20.0,23.0,23.0,41.0,62.0,25.0,93.0,0.0,9.0,29.0,322.0,61.0,,0.0,10.0
2023,7,28.0,39.0,289.0,0.0,0.0,124.0,35.0,325.0,9.0,24.0,24.0,47.0,65.0,60.0,30.0,150.0,0.0,14.0,51.0,289.0,68.0,,,25.0
