year,month,ad,ae,af,ag,ai,al,am,an,ao,ar,as,at,au,aw,ax,az,ba,bb,bd,be,bf,bg,bh,bi,bj,bl,bm,bn,bo,br,bs,bt,bw,by,ca,cd,cf,cg,ci,ck,cl,cm,cn,co,cr,cu,cv,cy,cz,de,dk,dm,do,dz,ec,ee,eg,eh,es,et,fi,fj,fk,fr,gb,gd,ge,gf,gh,gi,gl,gm,gp,gq,gr,gt,hk,hn,hr,ht,hu,id,ie,il,im,in,iq,ir,is,it,je,jm,jo,jp,ke,kg,kh,kn,ko,kp,kr,kw,ky,kz,la,lb,lc,li,lk,lt,lu,lv,ma,mc,md,me,mf,mg,mk,ml,mm,mn,mo,mq,mt,mu,mw,mx,my,mz,na,nc,ne,ng,ni,nl,no,np,nz,om,pa,pe,pf,ph,pk,pl,pr,pt,py,qa,re,ro,rs,ru,rw,sa,sb,sc,sd,se,sg,si,sk,sl,sm,sn,so,sv,sy,sz,tg,th,tj,tl,tm,tn,tr,tt,tw,tz,ua,ug,us,uy,uz,va,vc,ve,vg,vi,vn,ye,za,zm,zw
2016,1,0.0,0.0,0.0,,0.0,0.0,0.0,0.0,0.0,,0.0,43,,0.0,0.0,0.0,22.0,0.0,0.0,8.0,0.0,50,0.0,0.0,0.0,,0.0,0.0,,8.0,0.0,0.0,0.0,,,0.0,0.0,0.0,0.0,0.0,,0.0,0.0,5.0,0.0,0.0,0.0,,25,425,6.0,0.0,,0.0,0.0,0.0,0.0,0.0,193,,12.0,0.0,0.0,373,15,0.0,,0.0,0.0,0.0,0.0,0.0,0.0,0.0,23.0,0.0,,0.0,27.0,0.0,123,0.0,5.0,0.0,0.0,0.0,0.0,,0.0,264,0.0,0.0,0.0,,0.0,0.0,0.0,0.0,0.0,0.0,0.0,0.0,0.0,0.0,0.0,0.0,0.0,,,8.0,0.0,,,0.0,0.0,0.0,0.0,,,0.0,0.0,0.0,0.0,0.0,,0.0,0.0,,,0.0,0.0,0.0,0.0,0.0,0.0,10.0,,0.0,0.0,0.0,0.0,0.0,0.0,0.0,0.0,27,,229,0.0,0.0,,113,22.0,24.0,0.0,0.0,0.0,0.0,0.0,,0.0,7.0,50,0.0,0.0,0.0,0.0,0.0,0.0,0.0,0.0,,0.0,0.0,0.0,0.0,,0.0,0.0,0.0,5.0,0.0,24.0,0.0,0.0,0.0,0.0,0.0,0.0,0.0,0.0,0.0,,0.0,0.0
2016,2,,,0.0,0.0,0.0,0.0,0.0,0.0,0.0,,0.0,52,,0.0,0.0,0.0,18.0,0.0,0.0,12.0,0.0,24,0.0,0.0,0.0,0.0,0.0,0.0,0.0,6.0,0.0,0.0,0.0,0.0,,0.0,0.0,0.0,0.0,0.0,,0.0,0.0,0.0,0.0,0.0,0.0,,21,375,,0.0,,,0.0,,,0.0,195,0.0,,0.0,0.0,332,9,0.0,0.0,,0.0,0.0,0.0,0.0,0.0,0.0,15.0,0.0,0.0,0.0,17.0,0.0,78,0.0,6.0,,0.0,0.0,0.0,0.0,0.0,206,0.0,0.0,0.0,,0.0,,0.0,0.0,0.0,0.0,0.0,0.0,0.0,0.0,0.0,0.0,0.0,0.0,0.0,,0.0,,0.0,0.0,0.0,0.0,0.0,0.0,0.0,0.0,0.0,0.0,0.0,0.0,,0.0,0.0,,,0.0,0.0,0.0,0.0,0.0,0.0,9.0,,0.0,0.0,0.0,0.0,0.0,0.0,,0.0,12,0.0,108,0.0,0.0,0.0,79,16.0,23.0,0.0,0.0,0.0,0.0,0.0,5.0,,12.0,38,0.0,0.0,,0.0,0.0,0.0,0.0,0.0,,0.0,0.0,0.0,0.0,,0.0,0.0,0.0,,0.0,25.0,0.0,0.0,0.0,0.0,0.0,,0.0,0.0,0.0,,0.0,0.0
2016,3,0.0,0.0,0.0,0.0,0.0,0.0,0.0,0.0,0.0,,0.0,37,5.0,0.0,0.0,0.0,14.0,0.0,0.0,6.0,0.0,58,0.0,0.0,0.0,0.0,0.0,0.0,,,0.0,0.0,0.0,0.0,5.0,0.0,0.0,0.0,0.0,0.0,,0.0,,,0.0,0.0,0.0,0.0,27,375,0.0,0.0,,0.0,0.0,0.0,,0.0,209,,,0.0,0.0,400,11,0.0,0.0,0.0,0.0,0.0,0.0,0.0,0.0,0.0,14.0,0.0,0.0,0.0,15.0,0.0,121,,5.0,,0.0,0.0,,0.0,0.0,230,0.0,0.0,0.0,0.0,0.0,0.0,0.0,0.0,0.0,0.0,0.0,0.0,0.0,0.0,0.0,0.0,0.0,0.0,0.0,,,0.0,,0.0,,0.0,0.0,,,0.0,0.0,0.0,0.0,0.0,0.0,,0.0,,,0.0,0.0,0.0,0.0,0.0,0.0,9.0,,0.0,0.0,0.0,0.0,0.0,0.0,,0.0,32,0.0,91,0.0,0.0,,133,8.0,18.0,0.0,0.0,0.0,0.0,0.0,,,7.0,49,0.0,0.0,0.0,0.0,0.0,0.0,0.0,0.0,,0.0,0.0,0.0,,8.0,0.0,0.0,0.0,,,23.0,0.0,0.0,0.0,0.0,0.0,0.0,0.0,0.0,0.0,,0.0,0.0
2016,4,0.0,,0.0,0.0,0.0,0.0,0.0,0.0,0.0,,0.0,35,6.0,0.0,0.0,0.0,14.0,0.0,,9.0,0.0,36,0.0,0.0,0.0,0.0,0.0,0.0,0.0,6.0,0.0,0.0,0.0,,,0.0,0.0,0.0,0.0,0.0,,0.0,0.0,0.0,0.0,0.0,0.0,,18,389,,0.0,,0.0,0.0,0.0,0.0,0.0,172,0.0,5.0,0.0,0.0,405,10,0.0,,0.0,0.0,0.0,0.0,0.0,0.0,0.0,15.0,0.0,0.0,0.0,32.0,0.0,99,0.0,,0.0,0.0,0.0,0.0,0.0,0.0,288,0.0,0.0,0.0,0.0,0.0,0.0,0.0,0.0,0.0,0.0,0.0,0.0,,0.0,0.0,0.0,0.0,,,,0.0,,0.0,0.0,0.0,0.0,0.0,0.0,,0.0,0.0,,0.0,0.0,0.0,0.0,0.0,,0.0,0.0,0.0,0.0,0.0,0.0,,13.0,,0.0,,0.0,0.0,,,0.0,0.0,27,0.0,106,,0.0,,84,6.0,11.0,0.0,0.0,0.0,0.0,0.0,,,,33,0.0,0.0,,0.0,0.0,0.0,0.0,0.0,,0.0,0.0,0.0,,,0.0,0.0,0.0,,0.0,16.0,0.0,0.0,0.0,0.0,0.0,,0.0,0.0,0.0,,0.0,0.0
2016,5,,0.0,0.0,0.0,0.0,,,,0.0,,0.0,35,,0.0,0.0,0.0,15.0,0.0,0.0,14.0,0.0,73,0.0,0.0,0.0,0.0,0.0,0.0,0.0,6.0,0.0,0.0,0.0,0.0,,0.0,0.0,0.0,0.0,0.0,0.0,0.0,0.0,0.0,,0.0,0.0,0.0,26,436,,0.0,0.0,0.0,0.0,0.0,0.0,0.0,209,0.0,,0.0,0.0,396,18,0.0,0.0,0.0,0.0,0.0,0.0,0.0,0.0,0.0,24.0,0.0,0.0,0.0,25.0,0.0,115,0.0,,0.0,0.0,,0.0,0.0,,235,0.0,0.0,0.0,,0.0,0.0,0.0,0.0,0.0,0.0,0.0,0.0,0.0,0.0,0.0,0.0,0.0,,0.0,,0.0,0.0,0.0,0.0,0.0,,0.0,0.0,,0.0,0.0,0.0,0.0,0.0,0.0,,0.0,6.0,0.0,0.0,0.0,0.0,0.0,0.0,0.0,18.0,,0.0,,0.0,0.0,,0.0,,0.0,26,0.0,111,0.0,0.0,,96,20.0,27.0,0.0,,0.0,0.0,0.0,,0.0,11.0,51,0.0,0.0,0.0,0.0,,0.0,0.0,0.0,,0.0,0.0,0.0,,,0.0,0.0,0.0,,0.0,23.0,0.0,,0.0,0.0,0.0,0.0,0.0,0.0,0.0,,0.0,0.0
2016,6,0.0,6.0,0.0,0.0,0.0,0.0,0.0,0.0,0.0,0.0,0.0,40,,0.0,0.0,,5.0,0.0,0.0,14.0,0.0,33,0.0,0.0,0.0,0.0,0.0,0.0,,5.0,0.0,0.0,0.0,0.0,5.0,0.0,0.0,0.0,0.0,0.0,0.0,0.0,,,,0.0,0.0,,19,413,,0.0,0.0,0.0,,0.0,0.0,0.0,184,0.0,,0.0,0.0,354,15,0.0,0.0,0.0,0.0,0.0,0.0,0.0,0.0,0.0,21.0,0.0,,0.0,14.0,0.0,128,,,0.0,0.0,0.0,0.0,0.0,0.0,241,0.0,0.0,0.0,,0.0,0.0,0.0,0.0,0.0,0.0,,0.0,0.0,0.0,0.0,0.0,0.0,0.0,0.0,,,,0.0,0.0,0.0,0.0,0.0,0.0,,0.0,0.0,0.0,0.0,0.0,0.0,0.0,0.0,5.0,0.0,0.0,0.0,0.0,0.0,0.0,,5.0,,,0.0,0.0,,,0.0,0.0,0.0,30,,85,0.0,0.0,,97,12.0,24.0,0.0,0.0,0.0,0.0,0.0,,,5.0,38,0.0,0.0,0.0,0.0,0.0,0.0,0.0,0.0,,0.0,0.0,0.0,0.0,6.0,0.0,0.0,0.0,,0.0,37.0,0.0,,0.0,0.0,0.0,0.0,0.0,0.0,0.0,,0.0,
2016,7,0.0,,0.0,0.0,0.0,,0.0,0.0,0.0,,,67,,0.0,0.0,0.0,12.0,0.0,0.0,8.0,0.0,58,0.0,0.0,,0.0,,0.0,0.0,,0.0,0.0,0.0,5.0,9.0,,0.0,0.0,0.0,0.0,,0.0,8.0,,0.0,0.0,0.0,,20,468,,0.0,,0.0,,0.0,0.0,0.0,160,0.0,,0.0,0.0,414,31,0.0,0.0,0.0,0.0,0.0,0.0,0.0,,0.0,28.0,0.0,0.0,0.0,17.0,0.0,87,0.0,,,0.0,0.0,0.0,,,305,0.0,0.0,0.0,,,0.0,0.0,0.0,0.0,0.0,,0.0,0.0,0.0,0.0,0.0,0.0,,0.0,,,,,0.0,,,0.0,0.0,,0.0,0.0,0.0,0.0,0.0,,,,,0.0,0.0,0.0,0.0,0.0,0.0,0.0,24.0,7.0,0.0,0.0,0.0,0.0,,0.0,0.0,0.0,23,0.0,112,0.0,0.0,,86,11.0,17.0,0.0,0.0,0.0,0.0,0.0,,6.0,,37,0.0,0.0,0.0,0.0,0.0,0.0,0.0,0.0,,0.0,0.0,0.0,0.0,,0.0,0.0,0.0,,0.0,63.0,,0.0,0.0,0.0,0.0,0.0,0.0,,0.0,,,0.0
2016,8,0.0,,0.0,0.0,0.0,0.0,0.0,0.0,0.0,,0.0,54,,0.0,0.0,0.0,29.0,0.0,0.0,17.0,0.0,58,0.0,0.0,0.0,0.0,0.0,0.0,0.0,11.0,,0.0,0.0,0.0,11.0,0.0,0.0,0.0,0.0,0.0,0.0,0.0,,,0.0,0.0,0.0,,26,479,7.0,0.0,,0.0,0.0,0.0,,0.0,227,0.0,9.0,0.0,0.0,376,34,0.0,0.0,0.0,0.0,0.0,0.0,0.0,0.0,0.0,22.0,0.0,0.0,0.0,24.0,0.0,126,,7.0,,0.0,,0.0,0.0,0.0,338,0.0,0.0,0.0,,0.0,0.0,0.0,0.0,0.0,0.0,0.0,0.0,0.0,0.0,0.0,0.0,0.0,,0.0,,,6.0,0.0,0.0,0.0,,0.0,0.0,,0.0,0.0,0.0,0.0,0.0,0.0,,0.0,7.0,0.0,0.0,0.0,0.0,0.0,0.0,0.0,11.0,,0.0,0.0,0.0,0.0,,0.0,0.0,0.0,29,0.0,366,0.0,0.0,0.0,108,21.0,19.0,0.0,0.0,0.0,0.0,0.0,5.0,,10.0,40,0.0,0.0,,0.0,0.0,0.0,,0.0,,0.0,0.0,0.0,,,0.0,0.0,0.0,,0.0,59.0,,0.0,0.0,0.0,0.0,0.0,0.0,0.0,0.0,,0.0,0.0
2016,9,0.0,0.0,0.0,0.0,0.0,,0.0,0.0,0.0,,0.0,42,,0.0,0.0,0.0,14.0,0.0,,12.0,0.0,56,0.0,0.0,0.0,0.0,0.0,0.0,0.0,7.0,0.0,0.0,0.0,,5.0,,0.0,0.0,0.0,0.0,,0.0,,,0.0,0.0,0.0,,20,371,,0.0,0.0,0.0,0.0,,,0.0,230,0.0,,0.0,0.0,352,20,0.0,0.0,0.0,0.0,0.0,0.0,0.0,0.0,0.0,32.0,0.0,0.0,0.0,18.0,0.0,118,0.0,,,0.0,,0.0,0.0,0.0,295,,0.0,0.0,0.0,0.0,0.0,0.0,0.0,0.0,0.0,,0.0,0.0,0.0,0.0,0.0,0.0,0.0,0.0,0.0,0.0,,,0.0,,,0.0,0.0,,0.0,0.0,,0.0,0.0,,,0.0,,,0.0,0.0,0.0,0.0,0.0,0.0,11.0,5.0,0.0,0.0,0.0,,0.0,0.0,0.0,0.0,32,0.0,152,0.0,0.0,0.0,87,11.0,14.0,0.0,0.0,0.0,0.0,0.0,11.0,,11.0,48,0.0,0.0,0.0,0.0,0.0,0.0,0.0,,,0.0,0.0,0.0,,7.0,0.0,0.0,0.0,,0.0,30.0,0.0,0.0,0.0,0.0,,0.0,,0.0,0.0,5.0,0.0,0.0
2016,10,0.0,,0.0,0.0,0.0,0.0,0.0,0.0,0.0,0.0,,36,,0.0,0.0,0.0,8.0,0.0,0.0,14.0,0.0,104,0.0,0.0,0.0,0.0,0.0,0.0,,,0.0,0.0,0.0,,,0.0,0.0,0.0,0.0,0.0,,,0.0,0.0,,0.0,0.0,,20,452,,0.0,0.0,0.0,0.0,0.0,0.0,0.0,212,0.0,,0.0,0.0,386,24,0.0,0.0,0.0,0.0,0.0,0.0,0.0,0.0,0.0,45.0,0.0,,0.0,17.0,0.0,103,0.0,,0.0,0.0,0.0,0.0,0.0,,258,0.0,0.0,0.0,,0.0,0.0,0.0,0.0,,0.0,,0.0,0.0,,0.0,0.0,0.0,0.0,0.0,,,,0.0,0.0,0.0,,0.0,0.0,,0.0,0.0,0.0,0.0,0.0,0.0,,0.0,,,0.0,0.0,0.0,0.0,0.0,0.0,10.0,,,,0.0,0.0,,0.0,0.0,0.0,26,0.0,135,0.0,0.0,,98,19.0,19.0,0.0,0.0,0.0,0.0,0.0,6.0,,8.0,66,0.0,0.0,0.0,0.0,0.0,0.0,0.0,0.0,,0.0,0.0,0.0,0.0,5.0,0.0,,0.0,,0.0,25.0,0.0,0.0,0.0,0.0,0.0,0.0,0.0,0.0,0.0,,0.0,0.0
2016,11,0.0,,0.0,0.0,0.0,0.0,0.0,0.0,0.0,0.0,,47,,0.0,0.0,0.0,10.0,0.0,0.0,14.0,0.0,57,0.0,0.0,0.0,0.0,0.0,0.0,0.0,,0.0,0.0,0.0,,5.0,0.0,0.0,0.0,0.0,0.0,,0.0,0.0,0.0,0.0,0.0,0.0,,19,425,,0.0,0.0,0.0,0.0,,0.0,0.0,157,0.0,,0.0,0.0,336,13,0.0,0.0,,0.0,0.0,0.0,0.0,0.0,0.0,36.0,0.0,0.0,0.0,11.0,0.0,118,,,,0.0,,0.0,0.0,0.0,299,0.0,0.0,0.0,0.0,0.0,0.0,0.0,0.0,0.0,0.0,0.0,0.0,0.0,0.0,0.0,0.0,0.0,,0.0,,,0.0,0.0,0.0,,0.0,0.0,0.0,,0.0,0.0,0.0,0.0,0.0,0.0,,0.0,6.0,,0.0,0.0,0.0,0.0,0.0,0.0,16.0,,0.0,,0.0,0.0,0.0,0.0,0.0,0.0,21,0.0,120,0.0,0.0,0.0,137,15.0,12.0,0.0,0.0,0.0,0.0,0.0,8.0,,,54,,0.0,0.0,0.0,0.0,0.0,0.0,0.0,,0.0,0.0,0.0,,,0.0,0.0,0.0,,0.0,24.0,0.0,0.0,0.0,0.0,,0.0,0.0,0.0,0.0,0.0,0.0,0.0
2016,12,0.0,,0.0,0.0,0.0,0.0,0.0,0.0,0.0,,0.0,29,,0.0,0.0,0.0,12.0,0.0,0.0,16.0,0.0,44,0.0,0.0,0.0,0.0,0.0,,0.0,5.0,0.0,0.0,0.0,,5.0,0.0,0.0,0.0,0.0,0.0,,0.0,,,0.0,0.0,0.0,0.0,18,491,,0.0,0.0,0.0,,,0.0,0.0,213,,,0.0,0.0,379,17,0.0,0.0,0.0,0.0,0.0,0.0,0.0,0.0,0.0,40.0,0.0,0.0,0.0,28.0,0.0,147,0.0,,,0.0,,0.0,,0.0,301,0.0,0.0,0.0,0.0,0.0,0.0,0.0,0.0,0.0,0.0,0.0,0.0,0.0,0.0,0.0,,0.0,,0.0,,,,,0.0,,0.0,0.0,0.0,,0.0,0.0,0.0,0.0,0.0,,,0.0,,0.0,0.0,0.0,0.0,0.0,0.0,0.0,9.0,0.0,,0.0,0.0,,,0.0,,0.0,31,0.0,171,0.0,0.0,0.0,103,16.0,17.0,0.0,0.0,0.0,,0.0,,,8.0,58,0.0,0.0,0.0,0.0,0.0,,,0.0,,0.0,0.0,0.0,,6.0,0.0,0.0,0.0,,0.0,24.0,0.0,0.0,0.0,0.0,,0.0,0.0,0.0,0.0,,0.0,0.0
2017,1,0.0,,0.0,0.0,0.0,,0.0,0.0,0.0,,0.0,60,,0.0,,0.0,29.0,0.0,0.0,11.0,0.0,49,0.0,0.0,0.0,0.0,0.0,0.0,0.0,6.0,0.0,0.0,0.0,,,,0.0,0.0,0.0,0.0,0.0,0.0,,,0.0,0.0,0.0,,26,526,,0.0,,0.0,0.0,0.0,0.0,0.0,213,0.0,,0.0,0.0,455,19,,0.0,0.0,0.0,0.0,0.0,0.0,0.0,0.0,37.0,0.0,0.0,0.0,33.0,0.0,165,0.0,6.0,0.0,0.0,,0.0,,0.0,335,0.0,0.0,0.0,,,0.0,0.0,0.0,0.0,0.0,0.0,0.0,0.0,0.0,0.0,0.0,0.0,,0.0,,,,,0.0,,0.0,0.0,0.0,5.0,0.0,,0.0,0.0,0.0,,0.0,0.0,5.0,0.0,0.0,0.0,0.0,0.0,0.0,0.0,18.0,,0.0,,0.0,0.0,,0.0,,0.0,34,0.0,262,0.0,0.0,0.0,159,26.0,19.0,0.0,,0.0,0.0,0.0,6.0,0.0,6.0,62,0.0,0.0,0.0,0.0,0.0,0.0,0.0,0.0,,0.0,0.0,0.0,,12.0,0.0,0.0,0.0,5.0,0.0,29.0,0.0,0.0,0.0,0.0,,0.0,0.0,0.0,0.0,5.0,0.0,0.0
2017,2,0.0,0.0,0.0,0.0,0.0,,0.0,0.0,0.0,,0.0,55,,0.0,0.0,0.0,14.0,0.0,0.0,12.0,0.0,35,0.0,0.0,0.0,0.0,0.0,0.0,0.0,8.0,0.0,0.0,0.0,,,0.0,,0.0,0.0,0.0,,0.0,,,0.0,0.0,,,13,401,,0.0,0.0,0.0,0.0,0.0,0.0,0.0,196,0.0,,0.0,0.0,362,19,0.0,0.0,0.0,0.0,0.0,0.0,0.0,0.0,0.0,34.0,0.0,0.0,0.0,16.0,0.0,118,0.0,,0.0,0.0,,0.0,0.0,,306,0.0,0.0,0.0,,0.0,,0.0,0.0,0.0,0.0,,0.0,0.0,0.0,0.0,0.0,0.0,,0.0,,,,,0.0,,0.0,0.0,0.0,6.0,0.0,0.0,0.0,0.0,0.0,,0.0,0.0,,0.0,0.0,0.0,,0.0,0.0,0.0,14.0,0.0,0.0,0.0,0.0,0.0,,0.0,0.0,0.0,26,,122,,0.0,,68,16.0,20.0,0.0,0.0,0.0,0.0,0.0,,0.0,9.0,31,0.0,0.0,0.0,0.0,0.0,0.0,,0.0,0.0,0.0,0.0,0.0,0.0,6.0,0.0,0.0,0.0,,0.0,21.0,0.0,0.0,0.0,0.0,,0.0,0.0,0.0,0.0,,0.0,0.0
2017,3,0.0,,0.0,0.0,0.0,,0.0,0.0,0.0,,0.0,44,,0.0,0.0,0.0,12.0,0.0,0.0,16.0,0.0,57,,0.0,0.0,0.0,0.0,0.0,0.0,9.0,0.0,0.0,0.0,6.0,,,0.0,0.0,0.0,0.0,0.0,0.0,,0.0,,0.0,0.0,,21,412,,0.0,,0.0,0.0,0.0,0.0,0.0,232,0.0,0.0,0.0,0.0,339,16,0.0,,0.0,0.0,0.0,0.0,0.0,0.0,0.0,38.0,0.0,0.0,0.0,16.0,0.0,134,,10.0,,0.0,,0.0,0.0,0.0,328,0.0,0.0,,0.0,,0.0,0.0,0.0,0.0,0.0,0.0,0.0,0.0,0.0,0.0,,0.0,0.0,0.0,,,,,0.0,0.0,,0.0,0.0,,0.0,0.0,0.0,0.0,0.0,0.0,0.0,0.0,,,0.0,0.0,0.0,0.0,0.0,0.0,10.0,0.0,0.0,0.0,0.0,0.0,,0.0,0.0,0.0,35,0.0,111,0.0,0.0,,113,27.0,14.0,0.0,0.0,0.0,0.0,0.0,6.0,0.0,5.0,62,0.0,0.0,0.0,,0.0,0.0,0.0,0.0,,0.0,0.0,0.0,,6.0,0.0,0.0,0.0,,0.0,22.0,0.0,0.0,0.0,0.0,0.0,0.0,0.0,0.0,0.0,,0.0,0.0
2017,4,0.0,,0.0,0.0,0.0,,0.0,0.0,0.0,,0.0,42,0.0,0.0,0.0,0.0,24.0,0.0,0.0,21.0,0.0,70,0.0,0.0,0.0,0.0,0.0,0.0,0.0,5.0,0.0,0.0,0.0,0.0,,0.0,0.0,0.0,0.0,0.0,,0.0,,,0.0,0.0,0.0,,28,456,,0.0,,0.0,0.0,0.0,,0.0,178,0.0,,0.0,0.0,352,24,0.0,0.0,0.0,0.0,0.0,0.0,0.0,0.0,0.0,38.0,0.0,0.0,0.0,28.0,0.0,138,0.0,5.0,,0.0,,0.0,0.0,,298,0.0,0.0,0.0,,0.0,0.0,0.0,0.0,0.0,0.0,0.0,0.0,0.0,0.0,0.0,,0.0,0.0,0.0,,0.0,0.0,0.0,0.0,,0.0,0.0,0.0,,0.0,0.0,0.0,0.0,0.0,0.0,,0.0,,0.0,0.0,0.0,0.0,0.0,0.0,0.0,14.0,5.0,0.0,0.0,0.0,0.0,,0.0,0.0,0.0,32,0.0,104,0.0,0.0,0.0,107,11.0,20.0,0.0,0.0,0.0,0.0,0.0,5.0,,9.0,31,0.0,0.0,0.0,0.0,0.0,0.0,0.0,0.0,,0.0,0.0,0.0,,,0.0,0.0,0.0,,0.0,18.0,0.0,0.0,0.0,0.0,0.0,0.0,0.0,0.0,0.0,,0.0,0.0
2017,5,0.0,,0.0,,0.0,,0.0,0.0,0.0,,0.0,61,5.0,0.0,0.0,0.0,26.0,0.0,0.0,14.0,0.0,31,0.0,0.0,,0.0,0.0,0.0,0.0,,0.0,0.0,0.0,,5.0,,0.0,0.0,0.0,0.0,,0.0,,,,0.0,0.0,,17,451,6.0,0.0,0.0,0.0,0.0,0.0,0.0,,235,0.0,,0.0,0.0,370,15,0.0,0.0,0.0,0.0,0.0,0.0,0.0,,0.0,19.0,0.0,0.0,0.0,16.0,0.0,109,0.0,5.0,,0.0,,0.0,,0.0,306,0.0,0.0,,,0.0,0.0,0.0,0.0,0.0,0.0,0.0,0.0,0.0,0.0,0.0,0.0,0.0,0.0,,,,,,0.0,0.0,0.0,0.0,0.0,,0.0,0.0,0.0,0.0,0.0,,0.0,0.0,,0.0,0.0,0.0,0.0,0.0,0.0,0.0,17.0,6.0,0.0,,0.0,,,0.0,0.0,0.0,28,0.0,107,0.0,0.0,0.0,89,13.0,15.0,,0.0,0.0,0.0,0.0,,,7.0,48,0.0,0.0,0.0,0.0,0.0,0.0,0.0,0.0,,0.0,0.0,0.0,,7.0,0.0,0.0,0.0,,0.0,28.0,0.0,0.0,0.0,0.0,,0.0,0.0,0.0,0.0,,0.0,0.0
2017,6,0.0,,0.0,0.0,0.0,,0.0,0.0,0.0,,0.0,49,,0.0,0.0,,22.0,0.0,0.0,11.0,0.0,73,0.0,0.0,0.0,0.0,0.0,0.0,0.0,6.0,0.0,0.0,0.0,,,0.0,0.0,0.0,0.0,0.0,0.0,0.0,,0.0,0.0,0.0,0.0,,30,482,,0.0,,0.0,,0.0,,0.0,174,0.0,,0.0,0.0,363,18,0.0,0.0,0.0,0.0,0.0,0.0,0.0,0.0,0.0,42.0,0.0,0.0,0.0,13.0,0.0,131,0.0,,,0.0,,0.0,0.0,0.0,336,0.0,0.0,0.0,,0.0,0.0,0.0,0.0,,0.0,,0.0,0.0,0.0,0.0,0.0,0.0,0.0,0.0,,0.0,0.0,0.0,0.0,,0.0,0.0,0.0,0.0,0.0,0.0,0.0,0.0,0.0,0.0,0.0,0.0,9.0,0.0,0.0,0.0,0.0,0.0,0.0,0.0,17.0,,0.0,0.0,0.0,,0.0,0.0,0.0,0.0,19,0.0,105,0.0,0.0,,114,12.0,15.0,,0.0,0.0,0.0,0.0,,,7.0,57,,0.0,0.0,0.0,0.0,0.0,0.0,0.0,,0.0,0.0,0.0,0.0,,0.0,0.0,0.0,,,47.0,0.0,0.0,0.0,0.0,,0.0,0.0,0.0,0.0,,0.0,0.0
2017,7,0.0,,0.0,0.0,0.0,,0.0,0.0,0.0,,0.0,41,,0.0,0.0,0.0,18.0,0.0,0.0,23.0,0.0,28,0.0,0.0,0.0,0.0,0.0,0.0,0.0,5.0,0.0,0.0,0.0,0.0,,,0.0,0.0,0.0,0.0,,0.0,,,,0.0,0.0,,25,539,,0.0,0.0,0.0,,0.0,,0.0,236,0.0,5.0,0.0,0.0,386,26,0.0,0.0,0.0,0.0,0.0,0.0,0.0,0.0,0.0,30.0,0.0,,0.0,22.0,0.0,166,,,5.0,0.0,0.0,0.0,0.0,0.0,355,0.0,0.0,0.0,0.0,,0.0,0.0,0.0,,0.0,0.0,0.0,0.0,0.0,0.0,0.0,0.0,0.0,0.0,,0.0,,,0.0,,,0.0,0.0,,0.0,0.0,0.0,0.0,0.0,0.0,,0.0,,0.0,0.0,0.0,0.0,0.0,0.0,0.0,11.0,,0.0,,0.0,,,0.0,,0.0,36,0.0,127,0.0,,0.0,108,7.0,24.0,0.0,0.0,0.0,0.0,0.0,6.0,,10.0,36,0.0,0.0,0.0,0.0,0.0,0.0,0.0,0.0,,0.0,0.0,0.0,,13.0,0.0,0.0,0.0,,0.0,40.0,,0.0,0.0,0.0,,0.0,0.0,0.0,0.0,,0.0,0.0
2017,8,0.0,,0.0,0.0,0.0,12.0,0.0,0.0,0.0,5.0,,59,,0.0,0.0,0.0,33.0,0.0,0.0,23.0,0.0,81,0.0,0.0,0.0,0.0,0.0,0.0,0.0,12.0,0.0,0.0,0.0,0.0,12.0,0.0,0.0,0.0,0.0,0.0,,0.0,,0.0,0.0,0.0,0.0,,19,531,5.0,0.0,,0.0,0.0,,0.0,0.0,239,0.0,5.0,0.0,0.0,444,27,0.0,0.0,0.0,0.0,0.0,0.0,0.0,0.0,0.0,45.0,0.0,0.0,0.0,21.0,0.0,137,,7.0,,0.0,0.0,0.0,0.0,0.0,375,0.0,0.0,0.0,0.0,,0.0,0.0,0.0,,0.0,0.0,0.0,0.0,0.0,,0.0,0.0,,0.0,0.0,,5.0,,0.0,0.0,0.0,0.0,0.0,5.0,0.0,0.0,0.0,,0.0,,,0.0,10.0,0.0,0.0,0.0,0.0,0.0,0.0,0.0,5.0,,0.0,0.0,0.0,0.0,0.0,0.0,,0.0,35,,372,0.0,,,122,27.0,25.0,0.0,0.0,0.0,0.0,0.0,10.0,,,62,0.0,0.0,0.0,0.0,0.0,0.0,0.0,0.0,6.0,0.0,0.0,0.0,,6.0,0.0,0.0,0.0,,0.0,54.0,0.0,0.0,0.0,0.0,0.0,0.0,0.0,0.0,0.0,,0.0,0.0
2017,9,0.0,,0.0,0.0,0.0,,0.0,0.0,0.0,,0.0,49,,0.0,0.0,0.0,23.0,0.0,0.0,12.0,0.0,65,0.0,0.0,0.0,0.0,0.0,0.0,0.0,7.0,,0.0,0.0,,10.0,,0.0,0.0,,0.0,,0.0,,,0.0,0.0,0.0,,27,472,5.0,0.0,,0.0,0.0,,0.0,0.0,278,0.0,,0.0,0.0,343,28,0.0,0.0,0.0,0.0,0.0,0.0,0.0,0.0,0.0,57.0,0.0,0.0,0.0,19.0,0.0,165,0.0,,,0.0,,0.0,0.0,0.0,405,0.0,0.0,0.0,,0.0,0.0,0.0,0.0,0.0,0.0,,0.0,0.0,0.0,0.0,0.0,0.0,0.0,0.0,,0.0,,,0.0,,,0.0,0.0,,0.0,0.0,0.0,0.0,0.0,0.0,0.0,0.0,0.0,0.0,0.0,0.0,0.0,0.0,,0.0,13.0,,0.0,0.0,0.0,0.0,,0.0,0.0,0.0,51,0.0,165,0.0,0.0,0.0,80,22.0,25.0,0.0,0.0,0.0,0.0,0.0,,,7.0,68,0.0,0.0,0.0,0.0,0.0,0.0,0.0,0.0,,0.0,0.0,0.0,,10.0,0.0,0.0,0.0,5.0,0.0,44.0,0.0,0.0,0.0,0.0,0.0,0.0,,0.0,0.0,,0.0,0.0
2017,10,0.0,,0.0,0.0,0.0,0.0,0.0,0.0,0.0,0.0,,38,,0.0,0.0,0.0,26.0,0.0,0.0,13.0,0.0,90,0.0,0.0,0.0,0.0,0.0,0.0,0.0,,0.0,0.0,0.0,,5.0,,0.0,,0.0,0.0,,0.0,,,0.0,0.0,0.0,,30,481,7.0,0.0,0.0,,,,,0.0,212,0.0,,0.0,0.0,362,15,,0.0,0.0,0.0,0.0,0.0,0.0,,0.0,62.0,0.0,0.0,0.0,17.0,0.0,122,0.0,5.0,,0.0,0.0,0.0,0.0,0.0,383,0.0,0.0,0.0,0.0,,0.0,0.0,0.0,0.0,0.0,0.0,0.0,0.0,0.0,0.0,,0.0,,,0.0,,,,,0.0,0.0,,0.0,8.0,0.0,0.0,0.0,0.0,0.0,0.0,,,5.0,0.0,0.0,0.0,0.0,0.0,0.0,0.0,5.0,,0.0,,0.0,,,0.0,0.0,0.0,46,,143,0.0,,0.0,136,20.0,24.0,0.0,0.0,0.0,,0.0,,,16.0,75,0.0,0.0,0.0,0.0,0.0,0.0,0.0,0.0,8.0,0.0,0.0,0.0,0.0,6.0,0.0,0.0,0.0,5.0,0.0,28.0,0.0,0.0,0.0,0.0,0.0,0.0,,0.0,0.0,,0.0,0.0
2017,11,0.0,0.0,0.0,0.0,0.0,,0.0,0.0,0.0,0.0,0.0,34,,0.0,0.0,0.0,24.0,0.0,0.0,15.0,0.0,32,,0.0,0.0,0.0,0.0,0.0,0.0,9.0,0.0,0.0,0.0,,,0.0,0.0,0.0,0.0,0.0,0.0,0.0,,,0.0,,0.0,,24,418,5.0,0.0,0.0,0.0,0.0,0.0,0.0,0.0,204,0.0,,0.0,0.0,317,19,0.0,0.0,,0.0,0.0,0.0,0.0,,0.0,44.0,0.0,0.0,0.0,28.0,0.0,137,0.0,,0.0,0.0,,0.0,,0.0,345,0.0,0.0,0.0,,0.0,0.0,,0.0,,0.0,0.0,,0.0,0.0,0.0,0.0,0.0,0.0,0.0,,0.0,7.0,,0.0,0.0,,0.0,0.0,,0.0,0.0,0.0,0.0,0.0,,,0.0,5.0,0.0,0.0,0.0,0.0,0.0,0.0,0.0,18.0,,0.0,0.0,0.0,0.0,,0.0,,0.0,27,0.0,109,,0.0,0.0,113,17.0,19.0,0.0,0.0,0.0,0.0,0.0,,,13.0,65,0.0,,0.0,0.0,0.0,0.0,0.0,0.0,,0.0,0.0,0.0,0.0,5.0,0.0,0.0,0.0,10.0,0.0,17.0,,0.0,0.0,0.0,,0.0,0.0,0.0,0.0,,,0.0
2017,12,0.0,,0.0,0.0,0.0,0.0,0.0,0.0,0.0,,0.0,48,,0.0,0.0,0.0,36.0,0.0,0.0,18.0,0.0,58,0.0,0.0,0.0,0.0,0.0,0.0,0.0,9.0,,0.0,0.0,,,0.0,0.0,0.0,0.0,0.0,,0.0,5.0,,0.0,0.0,0.0,,30,463,,,0.0,0.0,,0.0,,0.0,239,,,0.0,0.0,368,18,0.0,0.0,0.0,0.0,0.0,0.0,0.0,,0.0,32.0,0.0,,0.0,18.0,0.0,151,,,,0.0,,,0.0,0.0,360,0.0,0.0,0.0,0.0,,0.0,0.0,0.0,0.0,0.0,,0.0,,0.0,0.0,0.0,0.0,,0.0,,,,0.0,0.0,,,0.0,,,0.0,0.0,0.0,0.0,0.0,0.0,0.0,0.0,5.0,,0.0,0.0,0.0,0.0,0.0,,11.0,,,0.0,,,,0.0,0.0,0.0,32,0.0,130,0.0,0.0,0.0,136,12.0,23.0,0.0,0.0,0.0,0.0,0.0,6.0,,18.0,74,0.0,0.0,0.0,0.0,0.0,0.0,0.0,0.0,,0.0,0.0,0.0,,7.0,0.0,0.0,0.0,,0.0,28.0,,0.0,0.0,0.0,,0.0,,0.0,0.0,0.0,0.0,0.0
2018,1,0.0,,0.0,0.0,0.0,0.0,0.0,0.0,0.0,,0.0,56,5.0,0.0,0.0,0.0,23.0,0.0,0.0,20.0,0.0,47,0.0,0.0,0.0,0.0,0.0,0.0,,5.0,0.0,0.0,0.0,5.0,8.0,0.0,0.0,0.0,0.0,0.0,,0.0,,0.0,,0.0,0.0,0.0,20,537,7.0,0.0,5.0,0.0,0.0,,,0.0,197,0.0,8.0,0.0,0.0,426,10,0.0,0.0,0.0,0.0,0.0,0.0,0.0,,0.0,39.0,,5.0,0.0,28.0,0.0,178,0.0,6.0,0.0,0.0,,0.0,0.0,0.0,376,0.0,0.0,0.0,0.0,0.0,0.0,0.0,0.0,0.0,0.0,,0.0,0.0,0.0,0.0,,0.0,,0.0,0.0,,,,0.0,,,0.0,0.0,8.0,0.0,0.0,0.0,0.0,0.0,0.0,0.0,0.0,9.0,0.0,0.0,0.0,0.0,0.0,0.0,0.0,10.0,6.0,0.0,0.0,0.0,0.0,,0.0,0.0,0.0,41,0.0,272,0.0,,0.0,95,20.0,22.0,0.0,0.0,0.0,0.0,0.0,10.0,5.0,5.0,61,0.0,0.0,0.0,0.0,0.0,,0.0,0.0,,0.0,0.0,0.0,,7.0,0.0,,,,0.0,33.0,,0.0,0.0,0.0,0.0,0.0,0.0,0.0,0.0,,0.0,0.0
2018,2,0.0,,0.0,0.0,0.0,,0.0,0.0,0.0,0.0,0.0,43,,0.0,0.0,0.0,22.0,0.0,0.0,20.0,0.0,37,0.0,0.0,0.0,0.0,0.0,0.0,0.0,8.0,0.0,0.0,0.0,6.0,5.0,0.0,0.0,0.0,0.0,0.0,0.0,0.0,,,0.0,0.0,,,24,473,5.0,0.0,,0.0,0.0,0.0,0.0,0.0,173,0.0,,0.0,0.0,351,16,0.0,0.0,0.0,0.0,0.0,0.0,0.0,0.0,0.0,23.0,,,0.0,8.0,0.0,121,0.0,,0.0,0.0,,0.0,0.0,,307,0.0,0.0,0.0,,0.0,0.0,0.0,0.0,0.0,0.0,0.0,0.0,0.0,,0.0,0.0,0.0,,,,0.0,,0.0,0.0,0.0,0.0,0.0,0.0,,0.0,0.0,0.0,0.0,0.0,,,0.0,,0.0,0.0,0.0,0.0,0.0,0.0,0.0,7.0,,0.0,0.0,0.0,,0.0,0.0,0.0,0.0,29,0.0,131,0.0,0.0,0.0,131,6.0,32.0,0.0,0.0,0.0,0.0,0.0,0.0,0.0,5.0,45,0.0,0.0,0.0,0.0,0.0,0.0,0.0,0.0,5.0,0.0,0.0,0.0,,6.0,0.0,0.0,,,0.0,28.0,0.0,0.0,0.0,0.0,0.0,0.0,0.0,,0.0,0.0,0.0,0.0
2018,3,0.0,,0.0,0.0,0.0,0.0,0.0,,0.0,,0.0,57,,0.0,0.0,0.0,19.0,0.0,0.0,21.0,0.0,44,0.0,0.0,0.0,0.0,0.0,0.0,0.0,7.0,,0.0,0.0,,,0.0,0.0,0.0,0.0,0.0,,0.0,,,,,0.0,,22,534,,0.0,,0.0,,0.0,,0.0,208,0.0,,0.0,0.0,375,25,0.0,0.0,0.0,0.0,0.0,0.0,0.0,0.0,0.0,29.0,0.0,,0.0,19.0,0.0,127,,,0.0,0.0,,0.0,0.0,0.0,362,0.0,0.0,,,0.0,0.0,0.0,0.0,,0.0,0.0,0.0,0.0,0.0,0.0,0.0,0.0,,0.0,,,5.0,0.0,0.0,,,0.0,0.0,,0.0,0.0,0.0,0.0,0.0,0.0,,0.0,,0.0,0.0,0.0,0.0,0.0,0.0,0.0,13.0,,0.0,0.0,0.0,0.0,0.0,0.0,,0.0,35,0.0,136,0.0,0.0,0.0,115,14.0,19.0,0.0,,0.0,0.0,0.0,11.0,0.0,7.0,43,0.0,0.0,0.0,0.0,,0.0,0.0,0.0,,0.0,0.0,0.0,,7.0,0.0,0.0,0.0,,0.0,18.0,,0.0,0.0,0.0,,0.0,0.0,0.0,0.0,,0.0,0.0
2018,4,0.0,,0.0,0.0,0.0,0.0,0.0,0.0,0.0,,,55,,0.0,0.0,0.0,16.0,0.0,0.0,16.0,0.0,62,0.0,0.0,0.0,0.0,0.0,0.0,0.0,8.0,0.0,0.0,0.0,,,,0.0,0.0,0.0,0.0,,0.0,0.0,0.0,0.0,0.0,0.0,,22,469,,0.0,,0.0,,0.0,,0.0,214,0.0,,0.0,0.0,327,21,0.0,0.0,0.0,0.0,0.0,0.0,0.0,0.0,0.0,36.0,0.0,0.0,0.0,10.0,0.0,155,,11.0,0.0,0.0,,0.0,0.0,,345,0.0,0.0,0.0,,0.0,0.0,0.0,0.0,0.0,0.0,0.0,0.0,0.0,0.0,0.0,0.0,0.0,,0.0,,,,,0.0,,,0.0,0.0,,0.0,0.0,0.0,0.0,0.0,,,0.0,,0.0,0.0,0.0,0.0,0.0,0.0,0.0,11.0,,,0.0,,,,0.0,,0.0,33,0.0,146,0.0,0.0,0.0,144,16.0,20.0,0.0,0.0,0.0,0.0,0.0,,0.0,6.0,68,0.0,0.0,0.0,0.0,,0.0,0.0,0.0,,0.0,0.0,0.0,6.0,,0.0,0.0,0.0,,0.0,26.0,0.0,0.0,0.0,0.0,0.0,0.0,0.0,0.0,0.0,5.0,0.0,0.0
2018,5,,,0.0,0.0,0.0,0.0,0.0,0.0,0.0,0.0,0.0,52,,0.0,0.0,0.0,12.0,0.0,0.0,12.0,0.0,55,0.0,0.0,0.0,0.0,,0.0,,8.0,,0.0,0.0,,,0.0,0.0,0.0,0.0,0.0,,0.0,0.0,,0.0,,0.0,,26,460,,0.0,,0.0,,,0.0,0.0,163,0.0,0.0,0.0,0.0,333,19,0.0,0.0,0.0,0.0,0.0,0.0,0.0,0.0,0.0,28.0,0.0,0.0,0.0,24.0,0.0,134,,,0.0,0.0,0.0,0.0,0.0,0.0,312,0.0,0.0,,,0.0,0.0,0.0,0.0,,0.0,0.0,0.0,0.0,0.0,0.0,,0.0,0.0,0.0,,,,0.0,0.0,,0.0,0.0,0.0,,0.0,0.0,0.0,0.0,0.0,0.0,0.0,0.0,6.0,,0.0,0.0,0.0,0.0,0.0,0.0,17.0,0.0,0.0,0.0,0.0,0.0,0.0,0.0,0.0,0.0,38,0.0,106,,0.0,0.0,137,19.0,18.0,0.0,0.0,0.0,0.0,0.0,,0.0,14.0,62,0.0,,0.0,0.0,0.0,0.0,0.0,0.0,,0.0,0.0,0.0,,6.0,0.0,0.0,0.0,,0.0,26.0,0.0,0.0,0.0,0.0,0.0,0.0,0.0,0.0,0.0,,0.0,0.0
2018,6,0.0,,0.0,0.0,0.0,,0.0,0.0,0.0,,0.0,55,,0.0,0.0,0.0,18.0,0.0,0.0,8.0,0.0,26,0.0,0.0,0.0,0.0,0.0,0.0,0.0,7.0,0.0,0.0,0.0,,5.0,0.0,0.0,0.0,0.0,0.0,0.0,0.0,0.0,,0.0,0.0,0.0,5.0,16,487,9.0,0.0,0.0,0.0,0.0,0.0,,0.0,170,0.0,6.0,0.0,0.0,378,25,,0.0,0.0,0.0,0.0,0.0,0.0,0.0,0.0,38.0,0.0,0.0,0.0,11.0,0.0,128,0.0,5.0,0.0,0.0,,0.0,0.0,0.0,294,0.0,0.0,0.0,0.0,0.0,0.0,,0.0,0.0,0.0,0.0,0.0,0.0,0.0,0.0,0.0,0.0,,0.0,,,7.0,0.0,0.0,0.0,,0.0,0.0,5.0,0.0,0.0,0.0,0.0,0.0,0.0,0.0,0.0,,0.0,0.0,0.0,0.0,0.0,0.0,0.0,10.0,,0.0,,0.0,,,0.0,,0.0,24,0.0,134,0.0,0.0,0.0,124,17.0,25.0,,0.0,0.0,0.0,0.0,5.0,,6.0,50,0.0,0.0,0.0,0.0,0.0,,0.0,0.0,,0.0,0.0,0.0,,,0.0,0.0,0.0,6.0,0.0,42.0,,0.0,0.0,0.0,,0.0,0.0,0.0,0.0,,0.0,0.0
2018,7,,,0.0,0.0,0.0,,0.0,0.0,0.0,0.0,,56,,0.0,0.0,0.0,19.0,0.0,0.0,16.0,0.0,49,0.0,0.0,0.0,0.0,0.0,0.0,,7.0,0.0,0.0,0.0,,,0.0,0.0,0.0,0.0,0.0,,0.0,,,0.0,0.0,0.0,,23,463,,0.0,,0.0,,0.0,0.0,0.0,188,,6.0,0.0,0.0,361,33,0.0,,0.0,0.0,0.0,0.0,0.0,0.0,0.0,39.0,0.0,,0.0,16.0,0.0,109,0.0,12.0,,0.0,,0.0,,,321,0.0,0.0,0.0,,,,0.0,0.0,0.0,0.0,,0.0,0.0,0.0,0.0,0.0,0.0,0.0,0.0,,0.0,,,0.0,0.0,,0.0,0.0,5.0,0.0,0.0,0.0,0.0,0.0,0.0,0.0,0.0,5.0,,0.0,,0.0,0.0,0.0,0.0,14.0,,0.0,0.0,0.0,,,0.0,,0.0,27,,104,0.0,,,77,9.0,29.0,0.0,0.0,0.0,0.0,0.0,7.0,5.0,11.0,47,0.0,0.0,0.0,0.0,0.0,0.0,0.0,0.0,,0.0,0.0,0.0,,6.0,0.0,,0.0,0.0,0.0,50.0,0.0,0.0,0.0,0.0,0.0,0.0,0.0,0.0,0.0,8.0,0.0,0.0
2018,8,0.0,0.0,0.0,0.0,0.0,,0.0,0.0,0.0,,0.0,40,,0.0,0.0,0.0,33.0,0.0,0.0,24.0,,51,0.0,0.0,0.0,0.0,0.0,0.0,0.0,11.0,,0.0,0.0,,12.0,0.0,0.0,0.0,0.0,0.0,,0.0,,,0.0,0.0,0.0,,35,515,7.0,,,0.0,0.0,0.0,,0.0,207,0.0,,0.0,0.0,358,33,0.0,0.0,0.0,0.0,0.0,0.0,0.0,0.0,0.0,41.0,0.0,,0.0,35.0,0.0,142,0.0,,,0.0,0.0,0.0,0.0,,428,0.0,0.0,0.0,,,0.0,,0.0,,0.0,0.0,0.0,0.0,0.0,0.0,0.0,0.0,0.0,0.0,,,5.0,,0.0,0.0,,0.0,0.0,12.0,0.0,0.0,0.0,0.0,0.0,,,0.0,5.0,0.0,0.0,0.0,0.0,0.0,,0.0,14.0,,0.0,,0.0,0.0,,0.0,5.0,0.0,30,,339,0.0,0.0,0.0,144,24.0,28.0,0.0,0.0,0.0,0.0,0.0,9.0,,5.0,53,0.0,0.0,0.0,,0.0,0.0,0.0,0.0,,0.0,0.0,0.0,,11.0,0.0,0.0,,,0.0,54.0,0.0,0.0,0.0,0.0,0.0,0.0,0.0,0.0,0.0,,0.0,0.0
2018,9,0.0,6.0,0.0,0.0,0.0,,0.0,0.0,0.0,,0.0,45,,0.0,0.0,0.0,19.0,0.0,0.0,14.0,0.0,76,0.0,0.0,0.0,0.0,0.0,0.0,,9.0,0.0,0.0,0.0,,,0.0,0.0,0.0,0.0,0.0,0.0,0.0,,0.0,,0.0,,,23,471,,0.0,0.0,0.0,0.0,0.0,0.0,0.0,219,0.0,7.0,0.0,0.0,352,14,0.0,0.0,0.0,0.0,0.0,0.0,0.0,0.0,0.0,27.0,0.0,,0.0,14.0,0.0,140,,7.0,,0.0,,0.0,0.0,0.0,379,0.0,0.0,0.0,,,0.0,0.0,0.0,,0.0,0.0,,0.0,0.0,0.0,,0.0,0.0,0.0,,0.0,9.0,0.0,0.0,,0.0,0.0,0.0,,0.0,0.0,0.0,0.0,0.0,,0.0,0.0,5.0,0.0,0.0,0.0,0.0,0.0,0.0,0.0,14.0,8.0,0.0,0.0,0.0,0.0,,0.0,0.0,0.0,32,,180,0.0,0.0,0.0,125,17.0,28.0,0.0,0.0,0.0,0.0,0.0,,,8.0,38,0.0,0.0,0.0,0.0,0.0,0.0,0.0,0.0,0.0,0.0,0.0,,,6.0,0.0,0.0,0.0,6.0,0.0,29.0,0.0,0.0,,0.0,0.0,0.0,0.0,0.0,0.0,6.0,0.0,0.0
2018,10,0.0,7.0,0.0,0.0,0.0,0.0,0.0,0.0,0.0,,0.0,40,0.0,0.0,0.0,0.0,18.0,0.0,0.0,25.0,0.0,49,0.0,0.0,0.0,0.0,0.0,0.0,,8.0,0.0,0.0,0.0,,5.0,0.0,0.0,0.0,0.0,0.0,0.0,0.0,,,0.0,0.0,,,18,481,,0.0,,0.0,,0.0,,0.0,256,0.0,,0.0,0.0,353,22,0.0,0.0,0.0,0.0,0.0,0.0,0.0,0.0,0.0,57.0,,0.0,0.0,20.0,0.0,87,0.0,9.0,,0.0,0.0,0.0,0.0,0.0,360,0.0,0.0,0.0,0.0,0.0,0.0,0.0,0.0,0.0,0.0,,0.0,0.0,0.0,0.0,0.0,0.0,0.0,0.0,,0.0,11.0,0.0,0.0,0.0,0.0,0.0,0.0,8.0,0.0,0.0,0.0,0.0,0.0,,0.0,0.0,9.0,0.0,0.0,0.0,0.0,0.0,0.0,0.0,16.0,0.0,0.0,0.0,0.0,0.0,,0.0,0.0,0.0,44,0.0,122,0.0,,,159,14.0,34.0,0.0,0.0,0.0,0.0,0.0,5.0,,10.0,76,0.0,0.0,0.0,0.0,0.0,0.0,0.0,0.0,,0.0,0.0,0.0,,9.0,0.0,0.0,0.0,8.0,0.0,27.0,0.0,0.0,0.0,0.0,0.0,0.0,0.0,0.0,0.0,,0.0,0.0
2018,11,0.0,,0.0,0.0,0.0,0.0,0.0,0.0,0.0,0.0,0.0,33,0.0,0.0,0.0,0.0,32.0,0.0,0.0,10.0,0.0,79,0.0,0.0,0.0,0.0,0.0,,0.0,5.0,0.0,0.0,,0.0,,0.0,0.0,0.0,0.0,0.0,,0.0,6.0,,0.0,,0.0,,17,387,,0.0,,0.0,0.0,0.0,0.0,0.0,168,0.0,6.0,0.0,0.0,373,12,0.0,0.0,0.0,0.0,0.0,0.0,0.0,0.0,0.0,37.0,,,0.0,16.0,0.0,124,0.0,,,0.0,,0.0,0.0,0.0,332,0.0,0.0,,0.0,0.0,0.0,0.0,0.0,,0.0,0.0,0.0,0.0,0.0,0.0,,0.0,,0.0,,,5.0,,0.0,0.0,0.0,0.0,0.0,,0.0,0.0,,0.0,0.0,,,0.0,,0.0,0.0,0.0,0.0,0.0,0.0,0.0,10.0,,0.0,0.0,0.0,0.0,0.0,0.0,,0.0,20,0.0,125,0.0,,0.0,155,12.0,28.0,0.0,0.0,0.0,0.0,0.0,5.0,,,54,0.0,0.0,0.0,0.0,0.0,0.0,0.0,0.0,5.0,0.0,0.0,0.0,,7.0,0.0,0.0,0.0,5.0,0.0,17.0,,0.0,0.0,0.0,,0.0,0.0,0.0,0.0,,0.0,0.0
2018,12,0.0,0.0,0.0,0.0,0.0,0.0,0.0,0.0,0.0,,0.0,43,,0.0,0.0,0.0,28.0,0.0,0.0,8.0,0.0,48,0.0,0.0,0.0,,,0.0,0.0,12.0,0.0,0.0,0.0,,6.0,0.0,0.0,0.0,0.0,0.0,,0.0,,,0.0,,0.0,,16,496,,0.0,0.0,0.0,0.0,,0.0,0.0,180,0.0,,0.0,0.0,395,14,0.0,,0.0,0.0,0.0,0.0,0.0,,0.0,30.0,0.0,0.0,0.0,10.0,0.0,138,,,0.0,0.0,,0.0,0.0,0.0,315,0.0,0.0,0.0,,,0.0,0.0,0.0,0.0,0.0,,0.0,0.0,0.0,0.0,,0.0,0.0,0.0,,,8.0,0.0,0.0,0.0,0.0,0.0,0.0,,0.0,0.0,0.0,0.0,0.0,,,0.0,,,0.0,0.0,0.0,0.0,0.0,0.0,16.0,7.0,0.0,0.0,0.0,,,0.0,0.0,0.0,35,0.0,167,0.0,,,112,18.0,35.0,0.0,0.0,0.0,0.0,0.0,9.0,,5.0,61,0.0,0.0,0.0,0.0,0.0,0.0,,0.0,6.0,0.0,0.0,0.0,,5.0,0.0,0.0,0.0,,,29.0,,0.0,0.0,0.0,,,0.0,,0.0,,0.0,0.0
2019,1,0.0,,0.0,0.0,0.0,0.0,0.0,0.0,0.0,0.0,0.0,47,,0.0,0.0,0.0,44.0,0.0,0.0,20.0,,70,0.0,0.0,0.0,0.0,0.0,0.0,0.0,9.0,0.0,0.0,0.0,,,,0.0,0.0,0.0,0.0,,0.0,,,,0.0,0.0,,22,524,,0.0,0.0,0.0,,0.0,0.0,0.0,211,0.0,,0.0,0.0,453,25,0.0,0.0,0.0,0.0,0.0,0.0,0.0,0.0,0.0,37.0,0.0,,,22.0,,168,,5.0,,0.0,0.0,0.0,0.0,0.0,353,0.0,0.0,0.0,0.0,0.0,0.0,0.0,0.0,,0.0,0.0,0.0,0.0,0.0,,,,0.0,,,0.0,5.0,,0.0,,,0.0,0.0,8.0,0.0,0.0,0.0,0.0,0.0,0.0,0.0,0.0,9.0,0.0,0.0,0.0,0.0,0.0,0.0,0.0,19.0,,0.0,0.0,0.0,,6.0,0.0,0.0,,49,0.0,249,0.0,0.0,0.0,138,26.0,43.0,0.0,0.0,0.0,0.0,0.0,5.0,,9.0,69,0.0,0.0,0.0,0.0,0.0,0.0,,0.0,5.0,0.0,0.0,0.0,,12.0,0.0,,0.0,,0.0,37.0,,0.0,0.0,0.0,0.0,0.0,0.0,0.0,0.0,,0.0,0.0
2019,2,0.0,,0.0,0.0,0.0,0.0,0.0,0.0,0.0,5.0,0.0,43,0.0,0.0,0.0,0.0,25.0,0.0,0.0,12.0,0.0,55,0.0,0.0,0.0,0.0,0.0,0.0,0.0,,,0.0,0.0,0.0,,0.0,0.0,0.0,0.0,0.0,5.0,0.0,,0.0,,0.0,,5.0,8,410,,0.0,0.0,0.0,,,,0.0,225,0.0,,0.0,0.0,369,21,0.0,0.0,0.0,0.0,0.0,0.0,0.0,0.0,0.0,22.0,0.0,0.0,0.0,16.0,0.0,138,,,,0.0,,0.0,0.0,0.0,288,0.0,0.0,0.0,,0.0,0.0,0.0,0.0,,,0.0,0.0,0.0,0.0,0.0,,0.0,0.0,0.0,,,,,0.0,0.0,,,0.0,6.0,0.0,0.0,0.0,0.0,0.0,,,0.0,,0.0,0.0,0.0,0.0,0.0,0.0,0.0,14.0,,0.0,,0.0,0.0,,0.0,0.0,0.0,31,0.0,108,0.0,0.0,,115,9.0,26.0,0.0,0.0,0.0,0.0,0.0,6.0,0.0,9.0,52,0.0,0.0,0.0,0.0,0.0,0.0,0.0,0.0,,0.0,0.0,0.0,,10.0,0.0,0.0,0.0,,0.0,20.0,0.0,0.0,0.0,0.0,0.0,0.0,0.0,0.0,0.0,,0.0,0.0
2019,3,0.0,,0.0,0.0,0.0,,0.0,0.0,0.0,,0.0,45,,0.0,0.0,0.0,25.0,0.0,0.0,29.0,0.0,75,0.0,0.0,0.0,0.0,0.0,0.0,,5.0,0.0,0.0,0.0,,7.0,0.0,0.0,0.0,0.0,0.0,0.0,0.0,,,,0.0,0.0,,11,508,,0.0,0.0,0.0,0.0,0.0,,0.0,185,0.0,,0.0,0.0,354,25,0.0,0.0,0.0,0.0,0.0,0.0,0.0,0.0,0.0,39.0,,0.0,0.0,20.0,0.0,114,0.0,,,0.0,0.0,0.0,0.0,0.0,393,0.0,0.0,0.0,0.0,0.0,0.0,0.0,0.0,,0.0,,0.0,0.0,0.0,0.0,,0.0,0.0,0.0,,0.0,,,,0.0,0.0,0.0,0.0,,0.0,0.0,0.0,0.0,0.0,0.0,,0.0,5.0,0.0,0.0,0.0,0.0,0.0,0.0,0.0,7.0,,0.0,0.0,0.0,0.0,,0.0,0.0,0.0,31,,118,0.0,0.0,0.0,151,11.0,32.0,0.0,0.0,0.0,0.0,0.0,5.0,,6.0,68,0.0,0.0,0.0,0.0,0.0,0.0,0.0,0.0,5.0,0.0,0.0,0.0,,7.0,0.0,,0.0,,0.0,26.0,5.0,0.0,0.0,0.0,0.0,0.0,0.0,0.0,0.0,0.0,0.0,0.0
2019,4,0.0,0.0,0.0,0.0,0.0,,0.0,0.0,0.0,,0.0,36,,0.0,0.0,,18.0,0.0,0.0,11.0,0.0,41,0.0,0.0,0.0,0.0,0.0,0.0,0.0,,0.0,0.0,0.0,,5.0,0.0,0.0,0.0,,0.0,,0.0,,,0.0,0.0,0.0,,20,484,,,,0.0,,,,,176,0.0,,0.0,0.0,398,17,0.0,0.0,0.0,0.0,0.0,0.0,0.0,0.0,0.0,28.0,0.0,0.0,0.0,14.0,0.0,176,0.0,,,0.0,0.0,0.0,,0.0,311,0.0,0.0,0.0,,0.0,0.0,0.0,0.0,5.0,0.0,0.0,0.0,0.0,0.0,0.0,,0.0,0.0,0.0,,0.0,,0.0,0.0,0.0,0.0,0.0,0.0,,0.0,0.0,0.0,0.0,0.0,0.0,0.0,0.0,,0.0,0.0,0.0,0.0,0.0,0.0,0.0,15.0,9.0,0.0,0.0,0.0,0.0,0.0,0.0,0.0,0.0,27,0.0,124,0.0,0.0,0.0,91,18.0,31.0,0.0,0.0,0.0,0.0,0.0,6.0,0.0,7.0,60,0.0,0.0,0.0,0.0,0.0,0.0,,0.0,,0.0,0.0,0.0,,10.0,0.0,,0.0,0.0,,24.0,0.0,0.0,0.0,0.0,0.0,0.0,,0.0,0.0,,0.0,0.0
2019,5,,,0.0,0.0,0.0,,0.0,0.0,0.0,,0.0,46,,0.0,0.0,0.0,18.0,0.0,0.0,10.0,0.0,37,0.0,0.0,0.0,,0.0,0.0,0.0,9.0,0.0,0.0,0.0,0.0,,0.0,0.0,0.0,0.0,0.0,,0.0,,,,0.0,0.0,,14,456,,0.0,,0.0,0.0,,0.0,0.0,156,0.0,,0.0,0.0,357,16,0.0,0.0,0.0,0.0,0.0,0.0,0.0,,0.0,29.0,0.0,0.0,0.0,21.0,0.0,97,0.0,,0.0,0.0,,0.0,0.0,,361,0.0,0.0,0.0,,0.0,0.0,,0.0,,0.0,0.0,,0.0,0.0,0.0,0.0,0.0,,0.0,,,,,0.0,0.0,0.0,0.0,,,0.0,0.0,0.0,0.0,0.0,0.0,0.0,0.0,,0.0,0.0,0.0,0.0,0.0,0.0,0.0,16.0,,0.0,0.0,0.0,0.0,,0.0,,0.0,23,,105,0.0,0.0,0.0,106,13.0,26.0,0.0,,0.0,,0.0,10.0,,6.0,101,0.0,0.0,0.0,0.0,0.0,0.0,0.0,0.0,8.0,0.0,0.0,0.0,,9.0,0.0,,0.0,,0.0,34.0,0.0,0.0,0.0,0.0,,0.0,0.0,0.0,0.0,5.0,0.0,0.0
2019,6,0.0,,0.0,0.0,0.0,,0.0,0.0,0.0,,0.0,46,11.0,0.0,0.0,0.0,22.0,0.0,0.0,17.0,0.0,74,0.0,0.0,0.0,0.0,0.0,0.0,0.0,9.0,0.0,0.0,0.0,,7.0,0.0,0.0,0.0,0.0,0.0,,0.0,,,0.0,,0.0,0.0,23,443,,0.0,,0.0,0.0,,0.0,0.0,222,0.0,,0.0,0.0,368,22,0.0,,,0.0,0.0,0.0,0.0,0.0,0.0,33.0,0.0,,0.0,12.0,0.0,134,,,0.0,0.0,,0.0,0.0,0.0,327,0.0,0.0,0.0,,,0.0,0.0,0.0,,0.0,,0.0,0.0,0.0,0.0,0.0,0.0,,,,,,,0.0,,0.0,0.0,0.0,,0.0,,0.0,0.0,0.0,,,0.0,,0.0,0.0,0.0,0.0,0.0,0.0,,16.0,,0.0,,0.0,0.0,0.0,,,0.0,38,0.0,119,0.0,0.0,0.0,92,7.0,15.0,0.0,0.0,0.0,0.0,,,,6.0,65,0.0,0.0,0.0,0.0,0.0,0.0,0.0,0.0,,0.0,0.0,0.0,0.0,5.0,0.0,0.0,0.0,,0.0,33.0,0.0,0.0,0.0,0.0,0.0,0.0,0.0,,0.0,,0.0,0.0
2019,7,0.0,,0.0,0.0,0.0,,0.0,0.0,0.0,7.0,,58,,0.0,0.0,0.0,10.0,0.0,,20.0,0.0,14,,0.0,0.0,0.0,0.0,0.0,0.0,8.0,0.0,0.0,0.0,,,,0.0,0.0,0.0,0.0,0.0,0.0,6.0,,,0.0,0.0,0.0,25,511,,0.0,,0.0,0.0,0.0,,0.0,210,,5.0,0.0,0.0,408,22,0.0,0.0,0.0,,0.0,0.0,0.0,0.0,0.0,27.0,,,0.0,15.0,0.0,89,,,,0.0,,0.0,0.0,,278,,0.0,0.0,0.0,,0.0,0.0,0.0,9.0,0.0,,0.0,0.0,0.0,0.0,0.0,0.0,,0.0,,,,,0.0,0.0,0.0,0.0,0.0,7.0,0.0,0.0,,0.0,0.0,,,0.0,5.0,,0.0,0.0,0.0,0.0,0.0,0.0,7.0,,,0.0,0.0,0.0,0.0,0.0,0.0,0.0,53,0.0,135,0.0,0.0,0.0,69,8.0,21.0,0.0,0.0,0.0,0.0,0.0,9.0,,11.0,43,0.0,0.0,0.0,0.0,0.0,0.0,0.0,0.0,,0.0,0.0,0.0,,9.0,0.0,0.0,0.0,,0.0,43.0,0.0,0.0,0.0,0.0,0.0,,0.0,,0.0,,0.0,0.0
2019,8,0.0,0.0,0.0,0.0,0.0,,0.0,0.0,0.0,,0.0,58,,0.0,0.0,0.0,23.0,0.0,0.0,21.0,0.0,55,0.0,0.0,0.0,0.0,0.0,0.0,,6.0,,0.0,0.0,,13.0,0.0,0.0,0.0,,0.0,,0.0,6.0,,,,0.0,,28,534,,0.0,,0.0,0.0,,,0.0,194,,6.0,0.0,0.0,420,33,0.0,,0.0,0.0,0.0,0.0,0.0,,0.0,40.0,0.0,0.0,0.0,36.0,0.0,167,0.0,,,0.0,0.0,0.0,0.0,0.0,421,0.0,,,,0.0,0.0,,0.0,8.0,0.0,0.0,0.0,0.0,0.0,0.0,0.0,0.0,0.0,0.0,,0.0,,,0.0,0.0,0.0,0.0,0.0,6.0,0.0,0.0,0.0,0.0,0.0,,,0.0,6.0,,0.0,0.0,0.0,,,0.0,16.0,,0.0,0.0,0.0,0.0,,0.0,0.0,0.0,44,0.0,354,0.0,0.0,0.0,103,20.0,33.0,0.0,0.0,0.0,0.0,0.0,9.0,5.0,9.0,76,0.0,0.0,,0.0,0.0,0.0,0.0,0.0,,0.0,0.0,0.0,0.0,13.0,0.0,0.0,0.0,5.0,,51.0,0.0,0.0,0.0,0.0,0.0,,0.0,,0.0,13.0,0.0,0.0
2019,9,0.0,,0.0,0.0,0.0,0.0,0.0,0.0,0.0,,0.0,38,,0.0,0.0,0.0,14.0,0.0,0.0,15.0,0.0,78,0.0,0.0,0.0,0.0,0.0,0.0,0.0,5.0,0.0,0.0,0.0,0.0,,,0.0,0.0,0.0,0.0,0.0,0.0,,,,0.0,0.0,,23,448,,0.0,0.0,0.0,,0.0,,0.0,192,,,0.0,0.0,365,29,0.0,0.0,0.0,,0.0,0.0,0.0,,0.0,46.0,0.0,0.0,0.0,32.0,0.0,118,,5.0,,0.0,,0.0,0.0,0.0,360,0.0,0.0,0.0,0.0,0.0,0.0,0.0,,,,,0.0,0.0,0.0,0.0,0.0,0.0,0.0,0.0,,0.0,,7.0,0.0,0.0,,0.0,0.0,5.0,0.0,0.0,0.0,0.0,0.0,0.0,0.0,0.0,7.0,0.0,0.0,0.0,0.0,0.0,,0.0,9.0,,0.0,,,0.0,5.0,0.0,0.0,0.0,25,0.0,151,0.0,0.0,0.0,99,20.0,25.0,0.0,,0.0,0.0,0.0,9.0,,5.0,56,0.0,0.0,0.0,0.0,0.0,0.0,0.0,0.0,,0.0,0.0,0.0,0.0,15.0,0.0,0.0,0.0,5.0,0.0,27.0,0.0,,0.0,0.0,0.0,0.0,0.0,0.0,,5.0,0.0,0.0
2019,10,0.0,5.0,0.0,0.0,0.0,,0.0,0.0,0.0,,0.0,41,,0.0,0.0,0.0,15.0,0.0,0.0,19.0,0.0,42,0.0,0.0,0.0,0.0,0.0,0.0,0.0,5.0,0.0,0.0,0.0,,6.0,0.0,0.0,0.0,0.0,0.0,0.0,0.0,,0.0,0.0,0.0,0.0,0.0,21,444,7.0,0.0,5.0,0.0,0.0,,0.0,0.0,179,,,0.0,0.0,400,36,0.0,,0.0,0.0,0.0,0.0,0.0,0.0,0.0,43.0,0.0,0.0,0.0,18.0,0.0,148,,,0.0,0.0,,0.0,,0.0,380,0.0,0.0,0.0,,,0.0,0.0,0.0,,0.0,0.0,,0.0,,0.0,0.0,0.0,,0.0,,0.0,,,0.0,,0.0,0.0,0.0,,0.0,0.0,0.0,0.0,0.0,0.0,0.0,0.0,6.0,,0.0,0.0,0.0,0.0,0.0,0.0,13.0,6.0,0.0,0.0,0.0,0.0,0.0,0.0,,0.0,35,0.0,142,0.0,0.0,,142,14.0,31.0,0.0,,0.0,0.0,0.0,13.0,0.0,9.0,93,0.0,0.0,0.0,0.0,0.0,0.0,0.0,0.0,,0.0,0.0,0.0,,7.0,0.0,0.0,0.0,5.0,0.0,30.0,,0.0,0.0,0.0,0.0,,0.0,0.0,0.0,5.0,0.0,0.0
2019,11,0.0,0.0,0.0,0.0,0.0,0.0,0.0,0.0,,,0.0,34,,0.0,,0.0,22.0,0.0,0.0,8.0,0.0,63,,0.0,0.0,0.0,0.0,0.0,,10.0,0.0,0.0,0.0,,,0.0,,0.0,,0.0,,0.0,,,0.0,,0.0,0.0,18,497,,0.0,,0.0,0.0,0.0,,0.0,190,0.0,,0.0,0.0,410,18,0.0,0.0,0.0,0.0,0.0,,0.0,0.0,0.0,40.0,0.0,0.0,0.0,13.0,0.0,139,,,,0.0,0.0,0.0,,0.0,330,0.0,0.0,0.0,,0.0,0.0,0.0,0.0,5.0,0.0,0.0,0.0,0.0,0.0,0.0,0.0,0.0,,,0.0,0.0,7.0,,0.0,0.0,0.0,0.0,0.0,5.0,0.0,0.0,0.0,0.0,0.0,0.0,,0.0,7.0,0.0,0.0,0.0,0.0,,0.0,0.0,12.0,,0.0,,0.0,0.0,0.0,,0.0,0.0,29,,127,0.0,0.0,0.0,159,9.0,21.0,0.0,,0.0,0.0,0.0,,0.0,,87,0.0,0.0,0.0,,0.0,0.0,0.0,0.0,,0.0,0.0,0.0,0.0,7.0,0.0,0.0,,11.0,0.0,17.0,0.0,0.0,0.0,0.0,0.0,0.0,0.0,,0.0,6.0,0.0,0.0
2019,12,0.0,,0.0,0.0,0.0,,0.0,0.0,0.0,,,39,0.0,0.0,0.0,0.0,21.0,0.0,0.0,11.0,0.0,51,0.0,0.0,0.0,0.0,0.0,0.0,0.0,,0.0,0.0,0.0,,,0.0,0.0,0.0,0.0,0.0,0.0,0.0,,,,0.0,0.0,,21,555,,0.0,0.0,0.0,0.0,0.0,,0.0,167,0.0,,0.0,0.0,345,29,0.0,,0.0,,0.0,0.0,0.0,,0.0,47.0,0.0,0.0,0.0,12.0,0.0,128,0.0,6.0,,0.0,,0.0,0.0,0.0,369,0.0,,0.0,,7.0,0.0,0.0,0.0,0.0,0.0,0.0,0.0,0.0,0.0,0.0,0.0,0.0,0.0,,,0.0,,0.0,0.0,,0.0,0.0,0.0,9.0,0.0,0.0,0.0,0.0,0.0,,,0.0,5.0,,0.0,0.0,0.0,0.0,0.0,0.0,12.0,,0.0,0.0,0.0,0.0,,0.0,0.0,0.0,30,0.0,130,0.0,0.0,0.0,162,10.0,25.0,,0.0,0.0,0.0,0.0,10.0,5.0,5.0,88,0.0,0.0,0.0,0.0,0.0,0.0,,0.0,6.0,0.0,0.0,0.0,0.0,15.0,0.0,0.0,0.0,5.0,0.0,27.0,0.0,0.0,0.0,0.0,0.0,0.0,0.0,,0.0,0.0,0.0,0.0
2020,1,0.0,0.0,0.0,0.0,0.0,,0.0,0.0,0.0,,0.0,52,,0.0,0.0,0.0,33.0,0.0,0.0,24.0,0.0,55,0.0,0.0,0.0,0.0,0.0,0.0,0.0,7.0,0.0,0.0,0.0,,,,0.0,0.0,0.0,0.0,,0.0,,,,,0.0,,21,511,,0.0,,0.0,0.0,0.0,,0.0,186,0.0,,0.0,0.0,420,24,0.0,0.0,0.0,0.0,0.0,0.0,0.0,0.0,0.0,43.0,0.0,0.0,0.0,28.0,0.0,167,0.0,,0.0,0.0,0.0,0.0,0.0,0.0,440,0.0,0.0,,,0.0,,0.0,0.0,,0.0,,0.0,0.0,0.0,0.0,0.0,0.0,,,6.0,0.0,,,0.0,,,0.0,0.0,,0.0,0.0,0.0,0.0,0.0,,0.0,0.0,10.0,0.0,0.0,0.0,0.0,0.0,0.0,0.0,22.0,,0.0,,0.0,0.0,0.0,0.0,0.0,0.0,50,0.0,275,0.0,0.0,0.0,132,21.0,35.0,0.0,,0.0,0.0,0.0,8.0,,9.0,85,0.0,0.0,0.0,0.0,0.0,0.0,0.0,,0.0,0.0,0.0,0.0,0.0,10.0,0.0,,0.0,,0.0,29.0,0.0,0.0,0.0,0.0,0.0,,0.0,,0.0,,0.0,
2020,2,0.0,0.0,0.0,0.0,0.0,0.0,0.0,0.0,0.0,,0.0,42,,0.0,0.0,0.0,25.0,0.0,0.0,13.0,0.0,83,0.0,0.0,0.0,0.0,0.0,0.0,0.0,8.0,0.0,0.0,0.0,,,0.0,0.0,0.0,0.0,0.0,,0.0,6.0,0.0,,0.0,0.0,0.0,34,483,,0.0,0.0,0.0,0.0,,0.0,0.0,223,0.0,,0.0,0.0,351,11,0.0,,0.0,0.0,0.0,0.0,0.0,0.0,0.0,21.0,0.0,,0.0,15.0,0.0,99,,,0.0,0.0,0.0,0.0,0.0,,349,0.0,0.0,,,0.0,0.0,0.0,0.0,,0.0,0.0,,0.0,0.0,0.0,0.0,,,,,0.0,6.0,,0.0,,0.0,0.0,0.0,,0.0,0.0,0.0,0.0,0.0,0.0,5.0,0.0,,,0.0,0.0,0.0,0.0,0.0,0.0,,,0.0,,0.0,,0.0,0.0,0.0,0.0,19,0.0,124,0.0,0.0,,106,17.0,46.0,0.0,0.0,0.0,,0.0,5.0,,11.0,76,0.0,0.0,,0.0,0.0,0.0,0.0,0.0,0.0,0.0,0.0,,0.0,11.0,0.0,0.0,0.0,,0.0,23.0,0.0,,0.0,0.0,0.0,,0.0,,0.0,,0.0,0.0
2020,3,0.0,,0.0,0.0,0.0,0.0,,0.0,0.0,,,40,,0.0,0.0,0.0,18.0,0.0,0.0,10.0,0.0,23,0.0,0.0,0.0,0.0,0.0,0.0,,,0.0,0.0,0.0,,,0.0,0.0,0.0,0.0,0.0,0.0,0.0,0.0,0.0,0.0,0.0,0.0,0.0,28,421,,0.0,0.0,,0.0,0.0,0.0,0.0,113,0.0,,0.0,0.0,315,26,0.0,0.0,0.0,0.0,0.0,0.0,0.0,,0.0,28.0,0.0,,0.0,6.0,0.0,91,,,0.0,0.0,,0.0,0.0,0.0,172,0.0,0.0,0.0,0.0,,0.0,0.0,0.0,0.0,0.0,,0.0,0.0,0.0,0.0,0.0,0.0,0.0,,0.0,,,0.0,0.0,,0.0,0.0,0.0,,0.0,0.0,0.0,0.0,0.0,,0.0,0.0,,0.0,0.0,0.0,0.0,0.0,0.0,0.0,5.0,,0.0,,0.0,0.0,,0.0,0.0,0.0,20,0.0,100,0.0,0.0,0.0,64,5.0,16.0,0.0,0.0,0.0,0.0,0.0,,0.0,,43,0.0,0.0,0.0,0.0,0.0,0.0,0.0,0.0,,0.0,0.0,0.0,0.0,8.0,0.0,0.0,0.0,7.0,0.0,20.0,0.0,0.0,0.0,0.0,,0.0,0.0,,0.0,,0.0,0.0
2020,4,0.0,,0.0,0.0,0.0,0.0,0.0,0.0,0.0,,0.0,34,,0.0,0.0,0.0,,0.0,0.0,,0.0,21,0.0,0.0,0.0,0.0,0.0,0.0,0.0,,0.0,0.0,0.0,0.0,,,0.0,0.0,0.0,0.0,0.0,0.0,0.0,0.0,0.0,0.0,0.0,0.0,6,197,0.0,0.0,0.0,0.0,,0.0,0.0,0.0,33,0.0,0.0,0.0,0.0,240,8,0.0,0.0,0.0,0.0,0.0,0.0,0.0,0.0,0.0,,0.0,0.0,0.0,,0.0,133,0.0,,0.0,0.0,0.0,0.0,0.0,0.0,99,0.0,0.0,0.0,0.0,0.0,0.0,0.0,0.0,0.0,0.0,,0.0,0.0,0.0,0.0,0.0,0.0,0.0,0.0,0.0,,0.0,0.0,0.0,0.0,0.0,0.0,0.0,,0.0,0.0,0.0,0.0,,0.0,0.0,0.0,,0.0,0.0,0.0,0.0,0.0,0.0,0.0,5.0,,0.0,0.0,0.0,0.0,0.0,0.0,0.0,0.0,11,0.0,49,0.0,0.0,,46,,,0.0,0.0,0.0,0.0,0.0,8.0,0.0,,29,0.0,0.0,0.0,0.0,0.0,0.0,0.0,0.0,0.0,0.0,0.0,0.0,0.0,0.0,0.0,0.0,0.0,,0.0,,0.0,0.0,0.0,0.0,0.0,0.0,0.0,0.0,0.0,0.0,0.0,0.0
2020,5,0.0,,0.0,0.0,0.0,0.0,0.0,0.0,0.0,,0.0,44,0.0,0.0,,0.0,12.0,0.0,0.0,6.0,0.0,98,0.0,0.0,0.0,0.0,0.0,0.0,,0.0,,0.0,0.0,,,0.0,0.0,0.0,0.0,0.0,0.0,0.0,0.0,0.0,0.0,0.0,0.0,0.0,16,350,,0.0,,0.0,0.0,0.0,0.0,0.0,180,0.0,7.0,0.0,0.0,422,9,0.0,,0.0,0.0,0.0,0.0,0.0,0.0,0.0,7.0,0.0,0.0,0.0,13.0,0.0,196,0.0,,0.0,0.0,0.0,0.0,,0.0,354,0.0,0.0,0.0,0.0,0.0,0.0,0.0,0.0,,0.0,0.0,0.0,0.0,,0.0,0.0,0.0,0.0,0.0,,,,0.0,0.0,0.0,0.0,0.0,0.0,,0.0,0.0,0.0,0.0,0.0,0.0,0.0,0.0,0.0,0.0,0.0,0.0,0.0,0.0,0.0,0.0,10.0,,0.0,0.0,0.0,0.0,0.0,0.0,0.0,0.0,38,0.0,118,0.0,0.0,0.0,139,,,0.0,0.0,0.0,0.0,0.0,6.0,0.0,10.0,75,0.0,0.0,0.0,0.0,0.0,0.0,0.0,0.0,,0.0,0.0,0.0,0.0,,0.0,0.0,0.0,,0.0,13.0,0.0,0.0,0.0,0.0,0.0,0.0,0.0,0.0,0.0,0.0,0.0,0.0
2020,6,0.0,10.0,0.0,0.0,0.0,0.0,0.0,0.0,0.0,,0.0,69,,0.0,0.0,0.0,31.0,0.0,0.0,16.0,0.0,51,0.0,0.0,0.0,0.0,0.0,0.0,0.0,,0.0,0.0,0.0,,,0.0,,0.0,0.0,0.0,,0.0,,0.0,0.0,0.0,,0.0,19,484,,0.0,0.0,0.0,0.0,0.0,0.0,,276,,,0.0,0.0,526,19,0.0,0.0,0.0,0.0,0.0,0.0,0.0,0.0,0.0,49.0,0.0,0.0,0.0,29.0,0.0,193,0.0,,,0.0,0.0,0.0,0.0,0.0,614,0.0,0.0,0.0,,0.0,0.0,0.0,0.0,,0.0,0.0,0.0,0.0,0.0,0.0,0.0,0.0,0.0,0.0,,0.0,,0.0,0.0,,,0.0,0.0,,0.0,0.0,0.0,0.0,0.0,,0.0,0.0,,0.0,0.0,0.0,0.0,0.0,0.0,,11.0,,0.0,0.0,0.0,0.0,0.0,0.0,0.0,0.0,34,0.0,138,0.0,0.0,0.0,181,14.0,20.0,0.0,0.0,0.0,0.0,0.0,11.0,,6.0,94,0.0,0.0,0.0,0.0,,0.0,0.0,0.0,,0.0,0.0,0.0,,22.0,0.0,0.0,0.0,,,23.0,0.0,0.0,0.0,0.0,0.0,0.0,0.0,0.0,0.0,6.0,0.0,0.0
2020,7,0.0,5.0,0.0,0.0,0.0,,0.0,0.0,0.0,0.0,,58,,0.0,0.0,0.0,37.0,0.0,0.0,17.0,0.0,43,0.0,0.0,0.0,0.0,0.0,0.0,0.0,,0.0,0.0,0.0,5.0,7.0,0.0,0.0,0.0,0.0,,0.0,0.0,,0.0,0.0,0.0,0.0,0.0,25,551,0.0,0.0,0.0,0.0,,,,0.0,308,0.0,5.0,0.0,0.0,592,35,0.0,0.0,0.0,0.0,0.0,0.0,0.0,0.0,0.0,52.0,0.0,,0.0,20.0,0.0,163,0.0,7.0,,0.0,,0.0,0.0,0.0,476,0.0,,,,0.0,0.0,,0.0,5.0,0.0,,0.0,0.0,0.0,0.0,,0.0,,,,0.0,,,0.0,,0.0,0.0,0.0,,0.0,0.0,0.0,0.0,0.0,,0.0,0.0,12.0,0.0,,0.0,0.0,0.0,0.0,0.0,21.0,,0.0,0.0,0.0,0.0,,0.0,0.0,0.0,40,0.0,171,0.0,0.0,0.0,184,15.0,17.0,,0.0,0.0,0.0,0.0,5.0,8.0,13.0,111,0.0,0.0,0.0,0.0,0.0,0.0,,0.0,,0.0,0.0,0.0,,18.0,0.0,0.0,,,0.0,42.0,0.0,0.0,0.0,0.0,0.0,0.0,0.0,0.0,0.0,,0.0,0.0
2020,8,0.0,0.0,0.0,0.0,0.0,,0.0,0.0,0.0,,0.0,65,,,0.0,0.0,16.0,0.0,0.0,21.0,0.0,91,0.0,0.0,0.0,0.0,0.0,0.0,0.0,11.0,0.0,0.0,0.0,6.0,5.0,,0.0,0.0,0.0,0.0,,0.0,,0.0,,0.0,0.0,,32,604,8.0,0.0,,0.0,0.0,,,0.0,273,0.0,,0.0,0.0,596,56,0.0,,0.0,0.0,0.0,0.0,0.0,0.0,0.0,54.0,0.0,,0.0,34.0,0.0,188,0.0,,,0.0,,0.0,0.0,0.0,531,0.0,0.0,0.0,,,0.0,0.0,0.0,,0.0,,0.0,0.0,0.0,0.0,,0.0,0.0,0.0,8.0,,,0.0,0.0,0.0,0.0,0.0,0.0,,0.0,0.0,0.0,0.0,0.0,0.0,0.0,0.0,9.0,,0.0,0.0,0.0,0.0,0.0,0.0,16.0,7.0,0.0,0.0,0.0,,,0.0,,0.0,66,0.0,337,,0.0,0.0,137,17.0,19.0,0.0,0.0,0.0,0.0,0.0,11.0,5.0,8.0,121,,0.0,0.0,0.0,0.0,0.0,0.0,0.0,,0.0,0.0,0.0,,16.0,0.0,,0.0,8.0,0.0,48.0,,0.0,0.0,0.0,0.0,0.0,,0.0,0.0,0.0,0.0,0.0
2020,9,0.0,,0.0,0.0,0.0,0.0,0.0,0.0,0.0,,0.0,72,5.0,0.0,0.0,0.0,33.0,0.0,0.0,14.0,0.0,77,0.0,0.0,0.0,,0.0,0.0,0.0,9.0,0.0,0.0,0.0,6.0,5.0,0.0,0.0,0.0,0.0,0.0,,0.0,,,,0.0,0.0,,24,554,,0.0,0.0,0.0,,0.0,,0.0,237,0.0,,0.0,0.0,532,26,0.0,0.0,0.0,0.0,,0.0,,,,51.0,,,0.0,25.0,0.0,174,0.0,6.0,0.0,0.0,0.0,0.0,0.0,0.0,479,0.0,,0.0,,,0.0,0.0,0.0,,0.0,0.0,0.0,0.0,0.0,0.0,0.0,0.0,,0.0,,,6.0,,0.0,,0.0,0.0,0.0,,0.0,0.0,0.0,0.0,0.0,,,0.0,,0.0,0.0,0.0,0.0,0.0,0.0,0.0,14.0,,,0.0,0.0,0.0,0.0,0.0,0.0,0.0,56,,184,0.0,0.0,0.0,125,8.0,34.0,0.0,0.0,0.0,0.0,0.0,8.0,,5.0,75,0.0,0.0,0.0,0.0,0.0,0.0,0.0,0.0,6.0,,0.0,0.0,,14.0,0.0,0.0,0.0,5.0,0.0,38.0,0.0,0.0,0.0,0.0,0.0,,,0.0,0.0,,,0.0
2020,10,0.0,,0.0,0.0,0.0,,0.0,0.0,0.0,0.0,0.0,67,,0.0,0.0,0.0,33.0,0.0,0.0,21.0,0.0,85,0.0,0.0,0.0,0.0,0.0,0.0,,5.0,0.0,0.0,0.0,5.0,10.0,,0.0,0.0,0.0,0.0,,0.0,,,0.0,0.0,,,24,700,,0.0,,0.0,7.0,0.0,,0.0,209,0.0,5.0,,0.0,653,41,0.0,0.0,0.0,0.0,0.0,0.0,0.0,0.0,0.0,55.0,0.0,0.0,0.0,25.0,0.0,223,0.0,,,0.0,,0.0,,0.0,607,0.0,0.0,0.0,,0.0,0.0,0.0,0.0,,0.0,,,0.0,,0.0,,0.0,0.0,,,0.0,,0.0,0.0,0.0,,0.0,0.0,,0.0,0.0,0.0,0.0,0.0,0.0,0.0,0.0,,,0.0,0.0,0.0,0.0,0.0,0.0,14.0,7.0,0.0,,0.0,,,0.0,0.0,0.0,77,0.0,172,0.0,0.0,0.0,129,12.0,52.0,,0.0,0.0,0.0,0.0,8.0,0.0,10.0,111,0.0,0.0,0.0,0.0,0.0,0.0,0.0,0.0,,0.0,0.0,0.0,,11.0,0.0,0.0,0.0,6.0,0.0,35.0,0.0,0.0,0.0,0.0,0.0,0.0,0.0,0.0,0.0,,0.0,0.0
2020,11,0.0,0.0,0.0,0.0,0.0,,0.0,0.0,0.0,,0.0,62,,0.0,0.0,0.0,19.0,0.0,0.0,8.0,0.0,116,,0.0,0.0,0.0,0.0,0.0,0.0,,0.0,0.0,0.0,5.0,5.0,0.0,0.0,0.0,0.0,0.0,,0.0,,,0.0,0.0,0.0,,15,567,,0.0,,0.0,0.0,,,0.0,230,0.0,,0.0,0.0,448,28,0.0,0.0,0.0,0.0,0.0,0.0,0.0,0.0,0.0,35.0,0.0,,0.0,37.0,0.0,125,0.0,11.0,0.0,0.0,,0.0,0.0,0.0,435,0.0,0.0,,0.0,0.0,0.0,0.0,0.0,,0.0,0.0,0.0,0.0,0.0,0.0,0.0,0.0,0.0,0.0,,0.0,,,0.0,0.0,0.0,0.0,0.0,6.0,0.0,0.0,0.0,0.0,0.0,0.0,0.0,0.0,,0.0,0.0,0.0,0.0,0.0,0.0,0.0,10.0,,0.0,0.0,0.0,0.0,0.0,0.0,,0.0,41,0.0,176,0.0,,0.0,178,10.0,33.0,0.0,,0.0,0.0,0.0,5.0,,,102,0.0,0.0,0.0,0.0,0.0,0.0,0.0,0.0,,0.0,0.0,0.0,0.0,10.0,0.0,0.0,0.0,6.0,0.0,23.0,0.0,0.0,0.0,0.0,0.0,0.0,0.0,,0.0,7.0,0.0,0.0
2020,12,0.0,5.0,0.0,0.0,0.0,,0.0,0.0,0.0,,0.0,57,,0.0,0.0,0.0,49.0,0.0,0.0,14.0,0.0,56,0.0,0.0,0.0,0.0,0.0,0.0,0.0,7.0,0.0,0.0,0.0,9.0,,0.0,0.0,0.0,0.0,0.0,0.0,0.0,,,0.0,,0.0,0.0,30,645,,0.0,,0.0,,0.0,,0.0,250,0.0,,0.0,0.0,556,41,0.0,0.0,0.0,0.0,0.0,0.0,0.0,0.0,0.0,48.0,0.0,,0.0,28.0,0.0,147,,,0.0,0.0,,0.0,0.0,0.0,453,0.0,0.0,0.0,,0.0,0.0,0.0,0.0,,0.0,0.0,0.0,0.0,0.0,0.0,0.0,0.0,0.0,0.0,,,7.0,,0.0,,11.0,0.0,0.0,6.0,,0.0,0.0,0.0,0.0,,0.0,0.0,6.0,,0.0,0.0,0.0,0.0,0.0,0.0,12.0,,0.0,0.0,0.0,,,0.0,0.0,,56,0.0,199,0.0,0.0,0.0,208,8.0,40.0,0.0,,0.0,0.0,0.0,5.0,,,118,0.0,0.0,0.0,0.0,0.0,0.0,0.0,0.0,,0.0,0.0,0.0,,13.0,0.0,,,6.0,0.0,36.0,,0.0,0.0,0.0,0.0,0.0,,0.0,0.0,,0.0,0.0
2021,1,0.0,,0.0,0.0,0.0,,0.0,0.0,0.0,6.0,0.0,47,5.0,0.0,0.0,0.0,46.0,0.0,,11.0,0.0,44,0.0,0.0,0.0,0.0,0.0,0.0,,10.0,0.0,0.0,0.0,,,0.0,0.0,0.0,0.0,0.0,,0.0,0.0,0.0,0.0,,0.0,,23,546,,0.0,,0.0,0.0,,,0.0,256,0.0,7.0,0.0,0.0,604,26,0.0,0.0,0.0,0.0,0.0,0.0,0.0,0.0,0.0,43.0,0.0,,0.0,24.0,0.0,203,,7.0,,0.0,,0.0,0.0,0.0,444,0.0,0.0,0.0,,,0.0,0.0,0.0,8.0,0.0,,0.0,0.0,0.0,0.0,0.0,0.0,,0.0,5.0,0.0,6.0,,0.0,0.0,,0.0,0.0,7.0,0.0,0.0,0.0,0.0,0.0,0.0,0.0,0.0,,0.0,0.0,0.0,0.0,0.0,0.0,0.0,13.0,,0.0,0.0,0.0,0.0,,0.0,0.0,0.0,62,,266,0.0,0.0,0.0,177,11.0,52.0,0.0,0.0,0.0,0.0,0.0,,,6.0,106,0.0,,0.0,0.0,0.0,0.0,0.0,0.0,0.0,0.0,0.0,0.0,0.0,8.0,0.0,,0.0,5.0,0.0,30.0,0.0,0.0,0.0,0.0,0.0,0.0,0.0,0.0,0.0,11.0,,0.0
2021,2,0.0,,0.0,0.0,0.0,,0.0,0.0,0.0,7.0,0.0,36,,0.0,0.0,0.0,51.0,0.0,0.0,7.0,0.0,99,0.0,0.0,0.0,,0.0,0.0,0.0,,0.0,0.0,0.0,,,0.0,0.0,0.0,0.0,0.0,0.0,0.0,,,,0.0,0.0,0.0,11,392,,0.0,,0.0,0.0,,,0.0,236,,,0.0,0.0,436,22,0.0,0.0,0.0,0.0,0.0,0.0,0.0,0.0,0.0,35.0,0.0,,0.0,18.0,0.0,175,,,0.0,0.0,,0.0,0.0,0.0,529,0.0,0.0,,0.0,0.0,0.0,0.0,0.0,,0.0,0.0,0.0,0.0,0.0,0.0,0.0,0.0,0.0,0.0,,,,0.0,0.0,,,0.0,0.0,,0.0,0.0,0.0,0.0,,,0.0,0.0,10.0,0.0,,0.0,0.0,0.0,0.0,0.0,10.0,,0.0,0.0,0.0,0.0,0.0,,0.0,,39,0.0,164,,0.0,,197,19.0,43.0,0.0,0.0,0.0,0.0,0.0,,,7.0,76,0.0,0.0,0.0,0.0,0.0,0.0,0.0,0.0,,0.0,0.0,0.0,5.0,,0.0,0.0,0.0,,0.0,23.0,0.0,0.0,0.0,0.0,0.0,0.0,0.0,0.0,0.0,6.0,0.0,0.0
2021,3,0.0,,,0.0,0.0,,0.0,0.0,0.0,,,61,,0.0,0.0,0.0,59.0,0.0,0.0,16.0,0.0,55,0.0,,0.0,0.0,0.0,0.0,0.0,5.0,0.0,0.0,0.0,6.0,,0.0,0.0,0.0,0.0,0.0,,0.0,,,,0.0,0.0,,13,461,,0.0,,0.0,0.0,0.0,,0.0,253,0.0,,0.0,0.0,548,23,0.0,0.0,0.0,0.0,0.0,0.0,0.0,0.0,0.0,37.0,0.0,,0.0,31.0,0.0,203,,7.0,,0.0,,0.0,0.0,0.0,472,0.0,0.0,0.0,0.0,0.0,0.0,0.0,0.0,,0.0,,0.0,0.0,0.0,0.0,,0.0,,,,0.0,5.0,,0.0,0.0,6.0,,0.0,8.0,0.0,0.0,0.0,0.0,0.0,0.0,0.0,0.0,5.0,,0.0,0.0,0.0,0.0,0.0,0.0,14.0,0.0,0.0,0.0,0.0,,,0.0,,0.0,54,0.0,153,,0.0,0.0,197,9.0,61.0,0.0,0.0,0.0,0.0,0.0,5.0,,9.0,83,0.0,0.0,0.0,0.0,0.0,0.0,0.0,0.0,6.0,0.0,,0.0,,,0.0,0.0,,9.0,0.0,15.0,,0.0,0.0,0.0,0.0,0.0,0.0,0.0,0.0,,0.0,0.0
2021,4,0.0,,0.0,0.0,0.0,,0.0,,0.0,5.0,,38,5.0,0.0,0.0,0.0,18.0,0.0,0.0,11.0,0.0,63,0.0,0.0,0.0,0.0,0.0,0.0,0.0,9.0,0.0,0.0,0.0,6.0,,0.0,0.0,,0.0,0.0,6.0,0.0,,,0.0,0.0,,,27,513,,,,0.0,,0.0,,0.0,215,0.0,5.0,0.0,0.0,533,30,0.0,0.0,0.0,,0.0,0.0,0.0,0.0,0.0,40.0,0.0,0.0,0.0,40.0,0.0,122,0.0,,,0.0,0.0,0.0,0.0,0.0,537,0.0,0.0,0.0,0.0,0.0,0.0,0.0,0.0,0.0,0.0,0.0,0.0,0.0,0.0,,0.0,0.0,0.0,0.0,,,,0.0,0.0,0.0,,0.0,0.0,,0.0,0.0,0.0,0.0,0.0,,,0.0,9.0,0.0,0.0,0.0,0.0,0.0,0.0,0.0,14.0,,0.0,0.0,0.0,0.0,,0.0,0.0,0.0,51,0.0,150,0.0,0.0,,135,6.0,69.0,,0.0,0.0,0.0,0.0,6.0,,7.0,92,0.0,0.0,0.0,0.0,0.0,0.0,0.0,0.0,6.0,0.0,0.0,0.0,,11.0,0.0,0.0,0.0,9.0,,31.0,0.0,0.0,0.0,0.0,0.0,0.0,0.0,0.0,0.0,,0.0,0.0
2021,5,0.0,5.0,,0.0,0.0,6.0,0.0,,0.0,,0.0,63,,0.0,0.0,0.0,43.0,0.0,0.0,17.0,0.0,84,0.0,0.0,0.0,0.0,0.0,0.0,0.0,7.0,0.0,0.0,0.0,5.0,,0.0,0.0,0.0,0.0,0.0,,0.0,0.0,,0.0,5.0,,0.0,27,584,,0.0,,0.0,,0.0,0.0,0.0,301,0.0,,0.0,0.0,526,23,0.0,0.0,0.0,,0.0,0.0,0.0,0.0,0.0,62.0,0.0,0.0,0.0,35.0,0.0,132,0.0,,,0.0,0.0,0.0,0.0,0.0,501,0.0,0.0,0.0,,,0.0,0.0,0.0,,0.0,0.0,0.0,0.0,0.0,0.0,0.0,0.0,,0.0,,,0.0,0.0,0.0,0.0,,0.0,0.0,5.0,0.0,0.0,0.0,0.0,0.0,,10.0,0.0,7.0,0.0,0.0,0.0,0.0,0.0,0.0,0.0,20.0,,0.0,0.0,0.0,0.0,0.0,0.0,0.0,0.0,54,,187,0.0,0.0,0.0,195,11.0,76.0,0.0,0.0,0.0,0.0,0.0,6.0,,,77,0.0,0.0,0.0,0.0,0.0,0.0,,0.0,,0.0,0.0,0.0,0.0,6.0,0.0,0.0,0.0,6.0,0.0,27.0,0.0,0.0,0.0,0.0,0.0,0.0,0.0,0.0,0.0,,0.0,0.0
2021,6,0.0,,,0.0,0.0,,0.0,0.0,,,0.0,56,,0.0,0.0,0.0,39.0,0.0,0.0,8.0,0.0,46,0.0,0.0,0.0,0.0,0.0,0.0,0.0,6.0,0.0,0.0,0.0,,5.0,,0.0,0.0,0.0,0.0,,0.0,,,0.0,0.0,0.0,0.0,21,513,,0.0,,0.0,0.0,,0.0,0.0,202,0.0,,0.0,0.0,474,19,0.0,0.0,0.0,,0.0,0.0,0.0,,0.0,61.0,0.0,,0.0,25.0,0.0,192,,5.0,0.0,0.0,0.0,0.0,0.0,0.0,542,0.0,0.0,0.0,,,0.0,0.0,0.0,,,,0.0,0.0,,0.0,,0.0,0.0,,,0.0,,,0.0,,8.0,0.0,0.0,6.0,,0.0,0.0,0.0,0.0,,,0.0,6.0,,0.0,,0.0,0.0,0.0,0.0,20.0,,0.0,0.0,0.0,0.0,,0.0,,0.0,48,,131,0.0,,0.0,133,9.0,71.0,0.0,,0.0,0.0,0.0,,,8.0,57,0.0,0.0,0.0,0.0,0.0,0.0,,0.0,,0.0,0.0,0.0,,6.0,0.0,0.0,0.0,12.0,0.0,46.0,,0.0,0.0,0.0,0.0,0.0,0.0,,0.0,7.0,0.0,0.0
2021,7,0.0,5.0,0.0,0.0,0.0,,0.0,0.0,0.0,,0.0,69,,0.0,0.0,0.0,15.0,0.0,0.0,15.0,0.0,52,0.0,0.0,0.0,0.0,,0.0,,13.0,0.0,0.0,0.0,7.0,5.0,0.0,0.0,0.0,0.0,0.0,,0.0,,,,,0.0,0.0,29,793,7.0,0.0,0.0,0.0,,,,0.0,255,,5.0,0.0,0.0,709,34,0.0,0.0,0.0,0.0,0.0,0.0,0.0,,0.0,42.0,0.0,,0.0,28.0,0.0,104,0.0,8.0,0.0,0.0,,0.0,0.0,0.0,540,0.0,0.0,0.0,6.0,0.0,0.0,0.0,0.0,,0.0,,0.0,0.0,0.0,0.0,,0.0,0.0,0.0,,,,,0.0,,0.0,0.0,0.0,,0.0,0.0,0.0,0.0,0.0,0.0,,0.0,7.0,0.0,0.0,0.0,0.0,0.0,0.0,,13.0,,0.0,0.0,0.0,,5.0,0.0,,0.0,46,0.0,157,,0.0,0.0,106,14.0,46.0,0.0,0.0,0.0,0.0,0.0,13.0,,6.0,83,0.0,,,0.0,0.0,0.0,0.0,0.0,,0.0,0.0,0.0,5.0,14.0,0.0,0.0,0.0,11.0,,43.0,,0.0,0.0,0.0,0.0,,0.0,0.0,0.0,5.0,0.0,0.0
2021,8,0.0,,0.0,0.0,0.0,5.0,0.0,0.0,0.0,0.0,,52,0.0,0.0,0.0,0.0,34.0,0.0,0.0,22.0,0.0,50,0.0,0.0,0.0,0.0,,0.0,0.0,22.0,0.0,0.0,0.0,,6.0,0.0,0.0,0.0,0.0,0.0,,0.0,,,0.0,0.0,0.0,0.0,30,768,8.0,0.0,,0.0,,,,0.0,220,0.0,11.0,0.0,0.0,658,46,0.0,0.0,0.0,0.0,0.0,0.0,0.0,,0.0,64.0,0.0,0.0,0.0,49.0,0.0,161,,8.0,,0.0,0.0,0.0,0.0,0.0,632,0.0,0.0,0.0,,0.0,0.0,0.0,0.0,,0.0,,0.0,0.0,0.0,0.0,,0.0,0.0,,,,,5.0,0.0,,,0.0,0.0,11.0,0.0,0.0,0.0,0.0,0.0,0.0,0.0,0.0,6.0,0.0,0.0,,0.0,0.0,0.0,0.0,21.0,,,0.0,0.0,0.0,,0.0,0.0,0.0,84,0.0,418,0.0,0.0,,175,22.0,60.0,0.0,0.0,0.0,0.0,0.0,15.0,6.0,9.0,97,0.0,0.0,0.0,0.0,0.0,0.0,,0.0,0.0,0.0,0.0,0.0,,22.0,0.0,,0.0,7.0,0.0,56.0,0.0,0.0,0.0,0.0,0.0,0.0,0.0,,0.0,5.0,0.0,0.0
2021,9,0.0,0.0,0.0,0.0,0.0,0.0,0.0,0.0,0.0,6.0,,53,0.0,0.0,0.0,0.0,30.0,0.0,0.0,13.0,0.0,103,0.0,0.0,0.0,0.0,0.0,0.0,0.0,14.0,0.0,,0.0,,5.0,0.0,0.0,0.0,0.0,0.0,0.0,0.0,0.0,,,0.0,0.0,,23,592,7.0,0.0,,0.0,,,0.0,0.0,234,0.0,8.0,0.0,0.0,481,37,0.0,0.0,0.0,0.0,0.0,0.0,0.0,0.0,0.0,55.0,0.0,,0.0,23.0,0.0,146,0.0,,,0.0,,0.0,0.0,,504,0.0,0.0,0.0,,0.0,0.0,,0.0,9.0,0.0,,0.0,0.0,0.0,0.0,,0.0,0.0,0.0,,,,,0.0,0.0,0.0,0.0,0.0,7.0,0.0,0.0,0.0,0.0,0.0,,0.0,0.0,6.0,0.0,0.0,0.0,0.0,0.0,0.0,0.0,10.0,,,0.0,0.0,0.0,,0.0,0.0,0.0,43,0.0,161,0.0,0.0,,170,19.0,48.0,,0.0,0.0,0.0,0.0,10.0,0.0,,109,0.0,0.0,0.0,0.0,,0.0,0.0,0.0,8.0,0.0,0.0,0.0,,13.0,0.0,0.0,0.0,5.0,,40.0,0.0,0.0,0.0,0.0,0.0,0.0,0.0,0.0,0.0,6.0,0.0,0.0
2021,10,0.0,0.0,0.0,0.0,0.0,,0.0,0.0,0.0,0.0,0.0,50,,0.0,0.0,0.0,32.0,,0.0,16.0,0.0,56,0.0,0.0,0.0,0.0,0.0,0.0,0.0,8.0,0.0,0.0,0.0,,6.0,0.0,0.0,0.0,0.0,0.0,,0.0,,,0.0,0.0,0.0,,22,718,,0.0,0.0,0.0,,,0.0,0.0,221,0.0,5.0,0.0,0.0,549,30,,,0.0,0.0,0.0,0.0,0.0,0.0,0.0,63.0,0.0,,,41.0,0.0,140,0.0,9.0,0.0,0.0,,,,0.0,530,0.0,0.0,0.0,,0.0,0.0,0.0,0.0,,0.0,0.0,0.0,0.0,0.0,0.0,,0.0,0.0,0.0,,,,,0.0,,0.0,0.0,0.0,10.0,0.0,0.0,0.0,0.0,0.0,,,0.0,5.0,0.0,0.0,0.0,0.0,0.0,0.0,0.0,12.0,,0.0,,0.0,0.0,,0.0,0.0,,75,0.0,167,,0.0,0.0,186,7.0,69.0,0.0,0.0,0.0,0.0,0.0,5.0,0.0,8.0,81,0.0,0.0,0.0,0.0,0.0,0.0,0.0,0.0,,0.0,0.0,0.0,,20.0,0.0,,,12.0,0.0,25.0,,0.0,0.0,0.0,0.0,0.0,0.0,0.0,0.0,,0.0,0.0
2021,11,0.0,0.0,0.0,0.0,0.0,0.0,0.0,0.0,0.0,,,33,,0.0,0.0,0.0,30.0,0.0,0.0,14.0,0.0,80,0.0,0.0,0.0,,0.0,0.0,0.0,6.0,0.0,0.0,0.0,8.0,,0.0,0.0,0.0,0.0,0.0,0.0,0.0,,0.0,,,,0.0,30,634,,0.0,,0.0,0.0,0.0,0.0,0.0,171,0.0,,0.0,0.0,447,18,0.0,,0.0,0.0,0.0,0.0,0.0,,0.0,52.0,0.0,0.0,0.0,28.0,0.0,180,,7.0,,0.0,,0.0,0.0,0.0,459,0.0,0.0,,0.0,0.0,0.0,,0.0,,0.0,0.0,0.0,0.0,,0.0,0.0,0.0,,,6.0,,,0.0,0.0,,,0.0,0.0,6.0,0.0,0.0,0.0,0.0,0.0,,,0.0,,,0.0,0.0,0.0,0.0,0.0,0.0,19.0,,0.0,0.0,0.0,,0.0,0.0,0.0,0.0,45,0.0,127,0.0,0.0,0.0,154,10.0,50.0,0.0,,0.0,0.0,0.0,5.0,,,67,0.0,0.0,,0.0,0.0,0.0,,0.0,0.0,0.0,0.0,0.0,,9.0,0.0,0.0,0.0,5.0,0.0,24.0,0.0,0.0,0.0,0.0,0.0,0.0,0.0,0.0,0.0,,0.0,0.0
2021,12,0.0,,0.0,0.0,0.0,,,0.0,0.0,7.0,0.0,37,,0.0,0.0,0.0,32.0,0.0,0.0,21.0,0.0,31,0.0,0.0,0.0,0.0,,0.0,0.0,,0.0,0.0,0.0,5.0,,0.0,0.0,0.0,0.0,0.0,,0.0,,,,0.0,,,26,629,6.0,0.0,,0.0,,0.0,,0.0,194,0.0,,0.0,0.0,568,42,0.0,0.0,0.0,,0.0,0.0,0.0,,0.0,48.0,0.0,0.0,0.0,27.0,0.0,106,,7.0,,,,0.0,0.0,,550,0.0,0.0,0.0,0.0,0.0,0.0,,0.0,,0.0,,0.0,0.0,0.0,0.0,,0.0,0.0,0.0,,,6.0,0.0,0.0,,0.0,0.0,0.0,,0.0,0.0,0.0,0.0,0.0,0.0,,0.0,,,0.0,0.0,0.0,0.0,0.0,0.0,15.0,,0.0,0.0,0.0,,,0.0,,0.0,75,0.0,142,0.0,0.0,0.0,214,8.0,43.0,0.0,0.0,0.0,0.0,0.0,,,5.0,115,0.0,0.0,0.0,0.0,0.0,0.0,0.0,0.0,0.0,0.0,0.0,0.0,,17.0,0.0,0.0,,14.0,0.0,31.0,0.0,0.0,0.0,0.0,,0.0,0.0,0.0,0.0,,0.0,
2022,1,0.0,,0.0,0.0,0.0,,0.0,0.0,0.0,,0.0,47,,0.0,0.0,0.0,52.0,0.0,0.0,18.0,0.0,60,0.0,,0.0,0.0,0.0,0.0,0.0,6.0,0.0,0.0,0.0,,5.0,0.0,0.0,0.0,0.0,0.0,0.0,0.0,0.0,,0.0,,0.0,,23,632,,0.0,,0.0,,,,0.0,204,0.0,,0.0,0.0,585,29,0.0,0.0,0.0,0.0,0.0,0.0,0.0,,0.0,55.0,0.0,,0.0,38.0,0.0,163,,6.0,0.0,0.0,,0.0,,0.0,482,0.0,0.0,0.0,0.0,0.0,0.0,0.0,0.0,,0.0,,0.0,0.0,0.0,0.0,,0.0,,,,,,,0.0,0.0,,0.0,0.0,10.0,0.0,0.0,0.0,0.0,0.0,,,0.0,8.0,0.0,0.0,0.0,0.0,0.0,0.0,0.0,22.0,,0.0,,,,0.0,0.0,0.0,0.0,55,0.0,229,0.0,0.0,,140,15.0,41.0,0.0,0.0,0.0,0.0,0.0,,,7.0,79,0.0,0.0,0.0,0.0,0.0,0.0,0.0,0.0,,0.0,0.0,0.0,,9.0,0.0,0.0,0.0,18.0,0.0,37.0,0.0,0.0,0.0,0.0,,0.0,0.0,0.0,0.0,,0.0,0.0
2022,2,0.0,,0.0,0.0,0.0,,0.0,0.0,0.0,0.0,0.0,32,,0.0,0.0,0.0,34.0,0.0,0.0,12.0,0.0,86,0.0,0.0,0.0,0.0,0.0,0.0,,12.0,0.0,0.0,0.0,5.0,8.0,0.0,0.0,0.0,0.0,0.0,0.0,0.0,,,,0.0,,,17,542,,0.0,0.0,0.0,,,,0.0,194,0.0,,0.0,0.0,473,32,0.0,0.0,0.0,0.0,0.0,0.0,0.0,,0.0,35.0,0.0,0.0,0.0,23.0,0.0,148,0.0,6.0,0.0,0.0,,0.0,0.0,0.0,447,0.0,0.0,,0.0,0.0,0.0,0.0,0.0,6.0,0.0,,0.0,0.0,0.0,0.0,,0.0,0.0,0.0,,,,,0.0,,,0.0,0.0,5.0,0.0,0.0,0.0,0.0,0.0,0.0,0.0,0.0,6.0,0.0,0.0,0.0,0.0,0.0,0.0,0.0,6.0,,0.0,0.0,0.0,0.0,,0.0,,0.0,34,0.0,113,0.0,0.0,,156,9.0,46.0,0.0,0.0,0.0,0.0,0.0,9.0,,9.0,43,0.0,0.0,0.0,0.0,0.0,0.0,0.0,0.0,,0.0,0.0,0.0,0.0,13.0,0.0,0.0,0.0,39.0,0.0,17.0,0.0,0.0,0.0,0.0,0.0,0.0,0.0,0.0,0.0,,0.0,0.0
2022,3,0.0,7.0,0.0,0.0,0.0,,0.0,0.0,0.0,6.0,0.0,53,,0.0,0.0,0.0,44.0,0.0,0.0,17.0,0.0,57,0.0,0.0,0.0,0.0,0.0,0.0,,11.0,0.0,0.0,0.0,6.0,,0.0,0.0,0.0,0.0,0.0,0.0,0.0,,0.0,,0.0,0.0,0.0,20,540,,0.0,0.0,0.0,,,,0.0,200,0.0,,0.0,0.0,503,31,0.0,0.0,0.0,0.0,0.0,0.0,0.0,,0.0,37.0,0.0,,0.0,19.0,0.0,89,,8.0,,0.0,0.0,0.0,,0.0,476,0.0,0.0,0.0,,,0.0,0.0,0.0,,0.0,0.0,0.0,0.0,0.0,0.0,,0.0,,0.0,0.0,0.0,0.0,,0.0,5.0,,0.0,0.0,,0.0,0.0,0.0,0.0,0.0,,,0.0,10.0,0.0,0.0,0.0,0.0,0.0,0.0,,19.0,,0.0,,0.0,0.0,,0.0,,0.0,56,0.0,134,0.0,0.0,0.0,221,11.0,31.0,0.0,0.0,0.0,0.0,0.0,6.0,5.0,5.0,92,0.0,0.0,0.0,0.0,0.0,0.0,0.0,0.0,,0.0,0.0,0.0,,10.0,0.0,,0.0,451.0,,25.0,0.0,0.0,0.0,0.0,,0.0,0.0,0.0,0.0,,0.0,0.0
2022,4,0.0,6.0,0.0,0.0,0.0,6.0,0.0,0.0,0.0,,,42,0.0,0.0,0.0,0.0,27.0,0.0,0.0,24.0,0.0,40,0.0,0.0,0.0,0.0,0.0,0.0,,8.0,0.0,0.0,0.0,,,0.0,0.0,0.0,0.0,0.0,0.0,0.0,0.0,0.0,0.0,0.0,,0.0,28,638,,0.0,,0.0,0.0,,,0.0,186,0.0,6.0,0.0,0.0,453,35,0.0,0.0,0.0,,0.0,0.0,0.0,0.0,0.0,54.0,0.0,5.0,0.0,35.0,0.0,154,0.0,9.0,,0.0,,0.0,,0.0,453,,0.0,,0.0,0.0,0.0,0.0,0.0,,0.0,,0.0,0.0,0.0,0.0,0.0,0.0,0.0,,,,,,,,,0.0,0.0,,0.0,0.0,0.0,0.0,0.0,,0.0,0.0,,0.0,0.0,0.0,0.0,0.0,0.0,0.0,11.0,,0.0,0.0,0.0,0.0,,0.0,0.0,0.0,82,0.0,133,0.0,0.0,,189,17.0,35.0,0.0,0.0,0.0,0.0,,6.0,,7.0,96,0.0,0.0,0.0,0.0,0.0,0.0,,0.0,5.0,0.0,0.0,0.0,,10.0,0.0,0.0,,192.0,0.0,21.0,0.0,0.0,0.0,0.0,0.0,0.0,0.0,0.0,0.0,,0.0,0.0
2022,5,0.0,0.0,0.0,0.0,0.0,,0.0,0.0,0.0,6.0,,52,,0.0,0.0,0.0,25.0,0.0,0.0,22.0,0.0,47,0.0,0.0,0.0,0.0,0.0,0.0,0.0,18.0,0.0,0.0,0.0,6.0,,,0.0,0.0,0.0,0.0,,0.0,,,,0.0,,,14,593,,0.0,,0.0,,5.0,,0.0,218,0.0,,0.0,0.0,434,22,0.0,0.0,0.0,0.0,0.0,0.0,0.0,0.0,0.0,47.0,0.0,,,25.0,0.0,136,0.0,6.0,0.0,0.0,,0.0,0.0,0.0,452,0.0,0.0,,,,0.0,0.0,0.0,,0.0,,0.0,0.0,0.0,0.0,,0.0,,,,0.0,,,0.0,0.0,0.0,0.0,0.0,,0.0,0.0,0.0,0.0,0.0,0.0,,0.0,8.0,0.0,0.0,,0.0,0.0,0.0,0.0,14.0,,0.0,0.0,0.0,,0.0,,,,61,0.0,118,0.0,0.0,0.0,163,13.0,25.0,0.0,,0.0,0.0,0.0,8.0,,,75,0.0,0.0,0.0,0.0,0.0,0.0,0.0,0.0,,0.0,0.0,0.0,0.0,7.0,0.0,,0.0,78.0,0.0,22.0,0.0,0.0,0.0,0.0,0.0,0.0,0.0,,0.0,,0.0,0.0
2022,6,0.0,,0.0,0.0,0.0,,0.0,0.0,0.0,,0.0,67,8.0,0.0,0.0,0.0,7.0,0.0,0.0,9.0,0.0,74,0.0,0.0,,0.0,0.0,0.0,0.0,12.0,,0.0,0.0,0.0,7.0,0.0,0.0,0.0,0.0,0.0,,,,7.0,,0.0,0.0,,24,543,,0.0,,0.0,,,,0.0,170,0.0,,0.0,0.0,450,28,0.0,0.0,0.0,0.0,,0.0,0.0,0.0,0.0,49.0,0.0,,0.0,29.0,0.0,94,0.0,,0.0,0.0,0.0,0.0,,0.0,381,0.0,0.0,0.0,,,0.0,0.0,0.0,,0.0,,0.0,0.0,0.0,0.0,0.0,0.0,0.0,,5.0,,,0.0,0.0,,0.0,0.0,,,0.0,0.0,0.0,0.0,0.0,0.0,0.0,0.0,8.0,0.0,0.0,0.0,,0.0,0.0,,13.0,,0.0,0.0,0.0,,,0.0,,0.0,57,0.0,104,0.0,0.0,0.0,121,7.0,30.0,0.0,0.0,0.0,0.0,0.0,6.0,,6.0,57,0.0,0.0,0.0,0.0,0.0,0.0,0.0,0.0,8.0,0.0,0.0,0.0,0.0,10.0,0.0,0.0,0.0,45.0,0.0,32.0,,0.0,0.0,,,0.0,0.0,0.0,0.0,,0.0,0.0
2022,7,0.0,7.0,0.0,0.0,0.0,,0.0,,0.0,0.0,0.0,60,,0.0,0.0,0.0,9.0,0.0,0.0,27.0,0.0,30,,0.0,0.0,0.0,0.0,0.0,0.0,12.0,,0.0,0.0,6.0,,0.0,0.0,,0.0,0.0,,0.0,,6.0,,0.0,,,19,628,,0.0,,0.0,0.0,,,0.0,180,0.0,,0.0,0.0,431,39,0.0,,0.0,0.0,0.0,0.0,0.0,0.0,0.0,54.0,0.0,,0.0,25.0,0.0,123,0.0,8.0,,0.0,0.0,0.0,,0.0,461,0.0,0.0,,0.0,0.0,0.0,0.0,0.0,,,,,0.0,0.0,0.0,5.0,0.0,0.0,0.0,0.0,,,0.0,0.0,0.0,0.0,0.0,,,0.0,0.0,0.0,0.0,0.0,,,0.0,7.0,,0.0,0.0,0.0,0.0,0.0,0.0,12.0,6.0,0.0,,0.0,,,0.0,0.0,0.0,66,0.0,111,,0.0,0.0,179,11.0,28.0,0.0,0.0,0.0,0.0,0.0,21.0,11.0,,42,0.0,0.0,0.0,0.0,0.0,0.0,0.0,0.0,,0.0,0.0,0.0,,15.0,0.0,,0.0,41.0,0.0,31.0,,0.0,,0.0,0.0,0.0,0.0,,0.0,,0.0,0.0
2022,8,,,0.0,0.0,0.0,,0.0,0.0,0.0,0.0,,64,5.0,0.0,0.0,0.0,22.0,0.0,0.0,22.0,0.0,48,0.0,0.0,,0.0,0.0,0.0,0.0,16.0,0.0,0.0,0.0,5.0,5.0,0.0,0.0,0.0,0.0,0.0,,,6.0,,0.0,0.0,0.0,,28,665,10.0,0.0,,0.0,,7.0,,0.0,200,6.0,9.0,0.0,0.0,539,42,0.0,0.0,0.0,0.0,0.0,0.0,0.0,0.0,0.0,64.0,,,0.0,48.0,0.0,121,,12.0,,0.0,0.0,0.0,,,469,0.0,0.0,0.0,,,0.0,0.0,0.0,8.0,0.0,,0.0,0.0,0.0,0.0,,0.0,0.0,0.0,,0.0,7.0,,0.0,,0.0,0.0,,12.0,0.0,0.0,0.0,0.0,0.0,,0.0,0.0,7.0,0.0,0.0,0.0,0.0,0.0,0.0,0.0,28.0,7.0,0.0,0.0,0.0,,,,0.0,0.0,68,0.0,335,0.0,0.0,,131,18.0,37.0,0.0,0.0,0.0,0.0,0.0,10.0,7.0,6.0,81,0.0,0.0,,0.0,0.0,0.0,0.0,0.0,,0.0,0.0,0.0,0.0,9.0,0.0,0.0,0.0,52.0,,64.0,0.0,,0.0,0.0,0.0,0.0,0.0,,0.0,,0.0,0.0
2022,9,0.0,,0.0,0.0,0.0,,0.0,0.0,0.0,,0.0,40,,0.0,0.0,0.0,21.0,0.0,0.0,19.0,0.0,52,0.0,0.0,0.0,0.0,0.0,0.0,0.0,8.0,0.0,0.0,0.0,,12.0,0.0,0.0,0.0,0.0,0.0,,0.0,0.0,,,,0.0,,29,545,,0.0,,0.0,,,,0.0,194,0.0,,0.0,0.0,483,22,0.0,0.0,0.0,0.0,0.0,0.0,0.0,0.0,0.0,47.0,0.0,0.0,0.0,21.0,0.0,133,,5.0,,0.0,,0.0,,,438,0.0,0.0,0.0,0.0,0.0,0.0,5.0,0.0,,0.0,,0.0,0.0,0.0,0.0,,0.0,0.0,0.0,,6.0,,,0.0,0.0,12.0,0.0,0.0,7.0,0.0,0.0,0.0,,0.0,0.0,,0.0,7.0,0.0,0.0,0.0,0.0,0.0,0.0,0.0,12.0,6.0,0.0,,0.0,0.0,0.0,0.0,,0.0,62,0.0,156,0.0,0.0,0.0,153,7.0,21.0,0.0,0.0,0.0,0.0,0.0,7.0,,7.0,70,0.0,0.0,0.0,0.0,0.0,0.0,0.0,0.0,,0.0,0.0,0.0,0.0,13.0,0.0,0.0,0.0,21.0,0.0,38.0,,0.0,0.0,0.0,,0.0,0.0,0.0,0.0,5.0,0.0,0.0
2022,10,,5.0,0.0,0.0,0.0,,0.0,0.0,0.0,,0.0,53,,0.0,0.0,0.0,40.0,0.0,0.0,23.0,0.0,45,0.0,0.0,0.0,0.0,0.0,0.0,,,0.0,0.0,0.0,,5.0,0.0,0.0,0.0,0.0,0.0,,,5.0,,,0.0,0.0,,20,558,,0.0,,0.0,0.0,,0.0,0.0,215,0.0,5.0,0.0,0.0,437,16,0.0,0.0,0.0,0.0,0.0,0.0,0.0,,0.0,58.0,0.0,0.0,0.0,21.0,0.0,146,,9.0,,0.0,0.0,,,0.0,419,0.0,0.0,0.0,0.0,0.0,0.0,0.0,0.0,5.0,0.0,0.0,0.0,0.0,0.0,0.0,0.0,0.0,0.0,,7.0,,,0.0,0.0,,,0.0,0.0,7.0,0.0,0.0,0.0,0.0,,0.0,,0.0,5.0,0.0,0.0,0.0,0.0,0.0,0.0,0.0,12.0,6.0,0.0,0.0,0.0,,,0.0,0.0,0.0,65,0.0,151,0.0,0.0,0.0,225,15.0,29.0,0.0,0.0,,,0.0,8.0,,5.0,87,0.0,0.0,0.0,0.0,0.0,0.0,,0.0,,0.0,0.0,0.0,,11.0,0.0,0.0,,38.0,,35.0,0.0,0.0,0.0,0.0,0.0,0.0,0.0,0.0,0.0,,,0.0
2022,11,0.0,,0.0,0.0,,,0.0,0.0,0.0,0.0,0.0,39,,0.0,0.0,0.0,20.0,0.0,0.0,15.0,0.0,68,0.0,0.0,0.0,0.0,0.0,0.0,0.0,7.0,0.0,0.0,0.0,6.0,,0.0,0.0,0.0,0.0,0.0,0.0,0.0,,,0.0,0.0,0.0,,21,440,7.0,0.0,,0.0,0.0,,0.0,0.0,136,,7.0,0.0,0.0,398,23,0.0,0.0,0.0,0.0,0.0,0.0,0.0,0.0,0.0,48.0,0.0,0.0,0.0,30.0,0.0,120,,,,0.0,0.0,0.0,0.0,0.0,391,0.0,0.0,0.0,,0.0,0.0,0.0,0.0,,0.0,,0.0,0.0,0.0,0.0,,0.0,,0.0,,0.0,6.0,,0.0,,,0.0,0.0,5.0,0.0,0.0,0.0,0.0,0.0,,,0.0,5.0,0.0,0.0,0.0,0.0,0.0,0.0,,15.0,,0.0,0.0,0.0,0.0,0.0,0.0,0.0,0.0,46,0.0,108,0.0,0.0,0.0,175,13.0,27.0,0.0,0.0,0.0,0.0,0.0,,,5.0,64,0.0,0.0,0.0,0.0,0.0,0.0,,0.0,6.0,0.0,0.0,0.0,,11.0,0.0,0.0,0.0,34.0,0.0,23.0,0.0,0.0,0.0,0.0,0.0,0.0,0.0,0.0,0.0,,0.0,0.0
2022,12,0.0,,0.0,0.0,0.0,,0.0,0.0,0.0,,0.0,39,,0.0,0.0,0.0,29.0,0.0,0.0,19.0,0.0,39,0.0,0.0,0.0,0.0,0.0,0.0,0.0,9.0,0.0,0.0,0.0,,,0.0,0.0,0.0,0.0,0.0,0.0,0.0,0.0,,0.0,0.0,0.0,,15,489,,0.0,0.0,0.0,,11.0,0.0,,139,0.0,6.0,0.0,,393,21,0.0,0.0,0.0,0.0,0.0,0.0,0.0,0.0,0.0,45.0,0.0,,0.0,18.0,0.0,161,,7.0,,0.0,0.0,0.0,,0.0,439,0.0,0.0,0.0,,0.0,0.0,0.0,0.0,,0.0,,0.0,0.0,,0.0,,0.0,0.0,0.0,,0.0,,,0.0,,0.0,0.0,0.0,,0.0,,0.0,0.0,0.0,0.0,0.0,0.0,6.0,0.0,0.0,0.0,0.0,0.0,0.0,0.0,13.0,,0.0,,0.0,0.0,,0.0,0.0,0.0,60,0.0,113,0.0,0.0,0.0,200,11.0,18.0,0.0,0.0,0.0,,0.0,8.0,5.0,,55,0.0,0.0,0.0,0.0,0.0,0.0,0.0,0.0,,0.0,0.0,0.0,0.0,8.0,0.0,0.0,0.0,38.0,0.0,21.0,,0.0,0.0,0.0,0.0,0.0,0.0,,0.0,,0.0,0.0
2023,1,0.0,,0.0,0.0,0.0,,0.0,0.0,0.0,,0.0,45,7.0,0.0,0.0,0.0,21.0,0.0,0.0,22.0,0.0,56,0.0,0.0,0.0,0.0,0.0,0.0,,19.0,0.0,0.0,0.0,,,0.0,0.0,0.0,0.0,0.0,,0.0,0.0,,5.0,0.0,,,31,486,8.0,0.0,,0.0,,,,0.0,194,0.0,,0.0,0.0,436,23,0.0,,,0.0,0.0,0.0,0.0,,0.0,36.0,0.0,0.0,0.0,15.0,0.0,155,,9.0,,0.0,0.0,0.0,0.0,0.0,416,0.0,0.0,0.0,,0.0,0.0,0.0,0.0,5.0,0.0,,0.0,0.0,0.0,0.0,,0.0,,0.0,,,7.0,0.0,0.0,0.0,,0.0,0.0,7.0,0.0,0.0,0.0,0.0,0.0,,,0.0,,0.0,0.0,0.0,0.0,0.0,0.0,,15.0,,0.0,0.0,0.0,0.0,0.0,0.0,0.0,0.0,47,0.0,215,0.0,0.0,,186,19.0,24.0,0.0,0.0,0.0,0.0,0.0,7.0,,0.0,63,0.0,0.0,0.0,0.0,0.0,0.0,0.0,0.0,,0.0,0.0,0.0,0.0,11.0,0.0,0.0,0.0,22.0,0.0,21.0,0.0,0.0,0.0,0.0,0.0,0.0,0.0,,0.0,,0.0,0.0
2023,2,0.0,,0.0,0.0,0.0,,0.0,0.0,0.0,,0.0,48,,0.0,0.0,0.0,11.0,0.0,0.0,12.0,0.0,63,0.0,0.0,0.0,0.0,0.0,,0.0,9.0,,0.0,0.0,,5.0,,0.0,0.0,0.0,0.0,,0.0,,,,0.0,0.0,0.0,13,423,,0.0,,0.0,0.0,,0.0,0.0,117,,,0.0,0.0,341,13,0.0,0.0,0.0,0.0,0.0,0.0,0.0,0.0,0.0,35.0,0.0,0.0,0.0,15.0,0.0,103,0.0,10.0,,0.0,,0.0,0.0,0.0,400,0.0,0.0,0.0,0.0,0.0,,0.0,0.0,,0.0,,,0.0,0.0,0.0,,0.0,0.0,0.0,0.0,,,,0.0,0.0,,0.0,0.0,,0.0,0.0,0.0,0.0,0.0,,0.0,0.0,,0.0,0.0,0.0,0.0,0.0,0.0,0.0,7.0,0.0,0.0,0.0,0.0,0.0,,0.0,,0.0,50,0.0,100,0.0,0.0,,111,10.0,16.0,0.0,0.0,0.0,0.0,0.0,8.0,0.0,13.0,73,0.0,0.0,0.0,0.0,,0.0,0.0,0.0,,0.0,0.0,0.0,,19.0,0.0,0.0,0.0,20.0,0.0,20.0,0.0,0.0,0.0,0.0,0.0,0.0,0.0,0.0,0.0,0.0,0.0,0.0
2023,3,0.0,,0.0,0.0,0.0,0.0,0.0,0.0,0.0,,0.0,39,,0.0,0.0,0.0,24.0,0.0,0.0,12.0,0.0,29,0.0,0.0,0.0,0.0,0.0,0.0,0.0,7.0,0.0,0.0,0.0,,5.0,0.0,0.0,0.0,0.0,0.0,0.0,0.0,0.0,,,0.0,0.0,,20,463,5.0,0.0,,0.0,,,,0.0,144,0.0,,0.0,0.0,370,22,0.0,0.0,0.0,0.0,0.0,0.0,0.0,0.0,0.0,42.0,0.0,,0.0,20.0,0.0,130,,6.0,,0.0,0.0,0.0,,,428,0.0,0.0,0.0,0.0,0.0,0.0,0.0,0.0,,0.0,0.0,0.0,0.0,0.0,0.0,,0.0,0.0,0.0,,,,6.0,0.0,0.0,0.0,0.0,0.0,,0.0,0.0,0.0,0.0,0.0,,,0.0,,0.0,0.0,0.0,0.0,0.0,0.0,0.0,7.0,,0.0,0.0,,0.0,0.0,0.0,0.0,0.0,38,,99,0.0,0.0,0.0,180,7.0,15.0,0.0,0.0,0.0,,0.0,5.0,0.0,5.0,59,0.0,0.0,0.0,0.0,0.0,0.0,0.0,0.0,,0.0,0.0,0.0,,11.0,0.0,,0.0,28.0,0.0,11.0,0.0,0.0,0.0,0.0,0.0,0.0,0.0,0.0,0.0,5.0,0.0,0.0
2023,4,0.0,,0.0,0.0,0.0,,0.0,0.0,0.0,,0.0,49,,0.0,0.0,0.0,10.0,,0.0,12.0,0.0,25,0.0,0.0,0.0,0.0,0.0,0.0,,,0.0,0.0,0.0,,5.0,0.0,0.0,0.0,0.0,0.0,,0.0,6.0,,,0.0,,,9,397,,0.0,5.0,0.0,0.0,,,0.0,167,0.0,,0.0,0.0,367,20,0.0,0.0,0.0,0.0,0.0,0.0,0.0,0.0,0.0,35.0,0.0,0.0,0.0,25.0,0.0,128,,9.0,,0.0,,0.0,,,373,0.0,0.0,0.0,,0.0,0.0,0.0,0.0,,0.0,0.0,0.0,0.0,,0.0,0.0,0.0,0.0,0.0,6.0,,7.0,0.0,0.0,0.0,0.0,0.0,0.0,,0.0,0.0,0.0,0.0,0.0,5.0,0.0,0.0,,0.0,0.0,0.0,0.0,0.0,0.0,0.0,10.0,,0.0,0.0,0.0,0.0,,0.0,0.0,0.0,60,0.0,88,0.0,0.0,0.0,144,15.0,18.0,0.0,0.0,0.0,0.0,0.0,6.0,,,45,0.0,0.0,0.0,0.0,0.0,0.0,0.0,0.0,,0.0,0.0,0.0,5.0,9.0,0.0,0.0,0.0,21.0,0.0,24.0,0.0,0.0,0.0,0.0,0.0,0.0,0.0,0.0,0.0,,0.0,0.0
2023,5,0.0,0.0,0.0,0.0,0.0,,0.0,0.0,0.0,,0.0,48,,0.0,0.0,,19.0,0.0,0.0,7.0,0.0,17,,0.0,0.0,,0.0,0.0,,15.0,0.0,0.0,0.0,7.0,,0.0,0.0,0.0,0.0,0.0,,0.0,,,,0.0,0.0,0.0,18,457,,0.0,,0.0,,6.0,,0.0,138,0.0,,0.0,0.0,327,12,0.0,0.0,0.0,0.0,0.0,0.0,0.0,0.0,0.0,44.0,0.0,0.0,0.0,24.0,0.0,139,0.0,,0.0,0.0,0.0,0.0,0.0,0.0,360,0.0,0.0,0.0,,0.0,0.0,0.0,0.0,,0.0,,0.0,0.0,0.0,0.0,,0.0,0.0,,,0.0,,,0.0,,8.0,0.0,0.0,,0.0,0.0,0.0,0.0,0.0,0.0,0.0,0.0,,0.0,0.0,0.0,0.0,0.0,0.0,0.0,14.0,7.0,0.0,,0.0,,,0.0,,0.0,32,0.0,96,0.0,0.0,0.0,144,15.0,17.0,0.0,0.0,0.0,0.0,0.0,5.0,,5.0,56,0.0,0.0,,0.0,0.0,0.0,0.0,0.0,,0.0,0.0,0.0,,9.0,0.0,0.0,0.0,8.0,,20.0,0.0,0.0,0.0,0.0,0.0,0.0,0.0,,0.0,7.0,0.0,0.0
2023,6,0.0,,0.0,0.0,0.0,,0.0,0.0,0.0,,0.0,33,,0.0,0.0,0.0,14.0,0.0,0.0,10.0,0.0,45,0.0,0.0,0.0,0.0,0.0,0.0,0.0,,,0.0,0.0,,5.0,0.0,0.0,0.0,0.0,0.0,,0.0,0.0,0.0,,0.0,0.0,,13,415,,0.0,,0.0,0.0,,,0.0,103,,,0.0,0.0,323,25,0.0,0.0,0.0,,0.0,0.0,0.0,0.0,0.0,41.0,0.0,0.0,0.0,22.0,0.0,73,,6.0,0.0,0.0,,0.0,0.0,,276,0.0,0.0,0.0,,,0.0,0.0,0.0,,0.0,0.0,0.0,0.0,0.0,0.0,0.0,0.0,0.0,0.0,0.0,,,,0.0,,,0.0,0.0,,0.0,0.0,0.0,0.0,0.0,0.0,0.0,0.0,8.0,0.0,0.0,0.0,0.0,0.0,0.0,0.0,15.0,,0.0,0.0,0.0,0.0,,0.0,0.0,0.0,51,0.0,50,0.0,0.0,0.0,116,,18.0,0.0,0.0,0.0,0.0,0.0,10.0,7.0,,40,0.0,0.0,0.0,0.0,0.0,0.0,,0.0,0.0,0.0,0.0,0.0,0.0,,,0.0,0.0,13.0,0.0,34.0,0.0,0.0,0.0,0.0,0.0,0.0,0.0,0.0,0.0,6.0,0.0,0.0
2023,7,0.0,,0.0,0.0,0.0,,0.0,0.0,0.0,,0.0,19,5.0,0.0,0.0,0.0,8.0,0.0,0.0,14.0,0.0,17,0.0,0.0,0.0,0.0,0.0,0.0,0.0,,0.0,0.0,0.0,,7.0,0.0,0.0,0.0,0.0,0.0,0.0,0.0,7.0,,5.0,0.0,0.0,0.0,7,333,,0.0,0.0,0.0,0.0,,0.0,0.0,117,0.0,,0.0,0.0,243,24,0.0,,0.0,0.0,0.0,0.0,0.0,0.0,0.0,23.0,0.0,,,16.0,0.0,78,0.0,,0.0,0.0,,0.0,0.0,0.0,269,0.0,0.0,,,,0.0,0.0,0.0,0.0,0.0,,0.0,0.0,0.0,0.0,0.0,0.0,0.0,0.0,,0.0,5.0,,0.0,0.0,0.0,0.0,0.0,,,0.0,0.0,0.0,0.0,0.0,,0.0,,0.0,0.0,0.0,0.0,0.0,0.0,0.0,6.0,,0.0,0.0,0.0,,0.0,0.0,0.0,0.0,37,0.0,37,0.0,0.0,0.0,89,9.0,,0.0,0.0,0.0,0.0,0.0,,6.0,,34,0.0,0.0,0.0,0.0,,0.0,0.0,0.0,,0.0,0.0,0.0,,,0.0,0.0,0.0,13.0,0.0,26.0,0.0,0.0,0.0,0.0,0.0,0.0,0.0,,0.0,0.0,0.0,0.0
