year,month,population,01_years_old,12_years_old,23_years_old,34_years_old,45_years_old,56_years_old,67_years_old,78_years_old,89_years_old,910_years_old,1011_years_old,1112_years_old,1213_years_old,1314_years_old,1415_years_old,1516_years_old,1617_years_old,1718_years_old,1819_years_old,1920_years_old,2021_years_old,2122_years_old,2223_years_old,2324_years_old,2425_years_old,2526_years_old,2627_years_old,2728_years_old,2829_years_old,2930_years_old,3031_years_old,3132_years_old,3233_years_old,3334_years_old,3435_years_old,3536_years_old,3637_years_old,3738_years_old,3839_years_old,3940_years_old,4050_years_old
2016,1,Male,1497,1309,1279,1187,1150,756,525,404,358,312,275,267,248,218,181,177,169,164,141,140,118,108,96,89,70,56,40,34,33,15,19,11,7.0,,,,,,0.0,0.0,
2016,2,Male,1529,1334,1255,1171,1139,776,547,403,370,304,279,262,250,221,180,181,169,163,143,140,125,108,91,87,70,57,42,37,32,15,21,10,6.0,5.0,,,,,0.0,0.0,
2016,3,Male,1684,1375,1246,1138,1147,854,589,390,388,315,286,257,257,216,191,178,170,170,152,128,137,96,101,93,68,55,48,36,33,18,21,11,8.0,5.0,,,,,0.0,0.0,
2016,4,Male,1876,1352,1232,1154,1156,974,635,413,387,340,294,269,250,231,189,186,168,178,147,132,139,103,99,95,75,62,48,35,28,28,19,12,10.0,,,,,0.0,,0.0,
2016,5,Male,2004,1294,1234,1147,1166,1095,644,472,401,340,306,265,257,237,201,180,177,173,153,135,135,100,102,103,79,61,51,35,26,30,17,13,12.0,,,,,0.0,,0.0,
2016,6,Male,2036,1264,1213,1181,1152,1153,645,501,403,338,308,274,252,242,199,190,171,170,156,138,136,99,108,98,79,59,52,38,25,30,16,14,11.0,,,,,0.0,,0.0,
2016,7,Male,2064,1251,1217,1177,1140,1173,654,502,407,343,307,271,254,240,202,190,170,169,156,136,133,104,106,96,81,58,49,37,27,29,16,14,10.0,5.0,,,,0.0,,0.0,
2016,8,Male,2062,1232,1213,1163,1139,1167,663,507,403,342,308,276,250,243,205,190,169,166,156,133,133,103,107,96,81,55,50,38,27,29,15,13,10.0,5.0,,,,0.0,,0.0,
2016,9,Male,2047,1218,1198,1156,1144,1149,676,508,397,347,309,278,249,241,206,189,169,165,157,130,135,102,106,95,81,53,48,39,26,27,13,15,10.0,,5.0,0.0,,0.0,,0.0,
2016,10,Male,1817,1223,1185,1155,1135,1145,687,505,405,343,310,279,248,240,205,189,170,163,157,129,134,104,101,96,80,53,49,38,26,26,14,15,10.0,,5.0,0.0,,0.0,,0.0,
2016,11,Male,1555,1198,1176,1147,1126,1128,686,501,404,342,308,279,247,237,203,187,169,161,159,124,137,103,103,94,79,54,49,38,25,24,14,15,10.0,,5.0,0.0,,0.0,,0.0,
2016,12,Male,1452,1180,1161,1131,1112,1089,704,508,399,351,294,272,254,243,204,173,168,158,165,125,135,119,99,93,76,59,51,37,29,25,12,19,8.0,6.0,,,,,,0.0,
2017,1,Male,1462,1148,1133,1123,1102,1087,720,504,406,349,290,276,255,237,210,172,163,161,160,129,137,117,100,91,76,60,51,37,28,24,10,19,8.0,7.0,,,,,,0.0,
2017,2,Male,1489,1132,1128,1104,1075,1081,730,520,401,360,286,276,245,243,215,169,167,162,155,132,134,124,100,85,74,63,51,35,31,22,10,21,7.0,5.0,,,,,,0.0,
2017,3,Male,1626,1131,1138,1089,1036,1087,798,563,385,379,297,283,243,253,207,182,164,159,164,140,124,135,93,92,79,61,51,38,34,20,14,20,10.0,5.0,,,,,,0.0,
2017,4,Male,1886,1171,1108,1069,1036,1077,924,602,409,379,321,287,264,240,224,182,175,157,168,136,127,139,99,91,84,63,57,40,31,22,20,16,12.0,6.0,,,,,0.0,,
2017,5,Male,1981,1152,1072,1045,1017,1086,1043,614,457,393,322,297,265,244,229,195,167,166,164,141,129,137,97,92,90,67,55,43,32,22,20,15,13.0,8.0,,,,,0.0,,
2017,6,Male,2012,1162,1041,1008,1051,1074,1096,627,476,398,320,302,267,240,232,195,173,158,164,147,130,137,97,97,88,67,55,44,33,22,20,14,14.0,8.0,,,,,0.0,,
2017,7,Male,2009,1172,1023,1007,1049,1056,1117,638,475,397,330,301,265,241,227,199,174,160,161,146,127,130,103,97,87,68,54,42,33,23,19,15,14.0,7.0,5.0,,,,0.0,,
2017,8,Male,1993,1162,1020,993,1039,1061,1105,648,481,396,329,299,269,238,227,202,172,158,158,151,125,129,102,96,86,69,52,43,32,22,18,15,14.0,7.0,5.0,,,,0.0,,
2017,9,Male,1960,1146,1006,981,1035,1060,1087,657,482,390,332,302,270,236,227,201,171,159,156,151,121,128,101,97,85,69,52,41,31,20,18,13,17.0,7.0,,,0.0,,0.0,,
2017,10,Male,1697,1133,1009,972,1029,1051,1079,669,479,391,329,302,268,238,225,199,169,159,156,150,120,127,101,96,86,66,52,42,30,20,18,13,17.0,7.0,,,0.0,,0.0,,
2017,11,Male,1497,1123,986,964,1023,1048,1064,669,478,389,331,299,266,240,222,195,167,158,155,149,116,129,101,94,85,66,52,42,29,20,18,13,15.0,7.0,,,0.0,,0.0,,
2017,12,Male,1422,1101,972,953,1016,1035,1032,681,491,386,335,287,258,243,236,190,163,154,155,151,115,126,113,91,83,66,52,43,31,21,17,11,17.0,7.0,5.0,,,,,,
2018,1,Male,1383,1106,952,943,1007,1032,1022,685,490,386,340,281,259,241,228,192,164,151,157,149,119,129,110,91,83,67,54,41,31,21,16,10,17.0,6.0,5.0,,,,,,
2018,2,Male,1452,1104,941,935,997,1015,1025,701,505,384,351,277,264,233,234,196,162,158,153,145,125,128,117,91,78,68,56,43,31,24,16,8,17.0,5.0,,,,,,,
2018,3,Male,1673,1104,946,974,969,975,1025,760,545,375,367,294,270,226,240,191,175,155,146,155,132,118,124,88,87,70,53,43,34,28,16,7,16.0,7.0,,,,,,,
2018,4,Male,1863,1133,956,944,959,955,1029,872,585,391,370,318,275,245,229,208,174,161,144,161,128,119,128,94,83,75,56,52,36,25,16,13,11.0,10.0,5.0,,,,,0.0,
2018,5,Male,1992,1133,961,916,925,939,1057,978,594,433,381,323,283,249,231,215,187,156,152,154,135,119,127,92,84,79,62,54,35,27,14,14,10.0,8.0,7.0,,,,,0.0,
2018,6,Male,2010,1149,974,889,902,969,1035,1034,598,452,381,321,291,254,227,220,185,164,148,153,140,118,126,90,87,78,59,52,34,30,14,14,9.0,8.0,7.0,,,,,0.0,
2018,7,Male,2000,1150,990,874,912,972,1021,1059,604,453,380,326,292,249,229,218,190,162,150,152,141,114,122,95,87,75,60,51,33,31,15,14,8.0,8.0,6.0,,,,,0.0,
2018,8,Male,2004,1141,996,860,904,970,1022,1051,613,459,381,325,291,250,228,218,193,163,149,150,145,114,121,93,87,77,60,50,34,31,15,12,8.0,8.0,6.0,,,,,0.0,
2018,9,Male,1994,1126,980,857,888,971,1019,1039,623,464,373,327,289,251,228,217,194,162,151,149,145,112,122,91,88,77,61,49,34,31,13,13,7.0,9.0,6.0,,,0.0,,0.0,
2018,10,Male,1719,1120,976,850,890,971,1008,1026,629,459,376,325,290,252,228,214,191,162,153,147,144,111,121,93,87,76,60,49,34,31,12,13,7.0,9.0,6.0,,,0.0,,0.0,
2018,11,Male,1495,1098,958,829,886,965,999,1014,630,459,372,327,285,251,232,213,188,161,154,147,143,107,123,92,86,75,63,49,30,28,12,13,7.0,9.0,6.0,,,0.0,,0.0,
2018,12,Male,1421,1077,938,831,880,961,987,981,642,470,366,333,274,245,236,223,186,162,147,145,145,107,121,101,84,72,63,52,31,31,15,14,5.0,11.0,5.0,,,,,,
2019,1,Male,1408,1052,930,809,880,963,977,974,648,472,361,333,271,253,234,217,193,161,144,146,141,110,123,100,81,73,61,52,32,30,17,14,,12.0,,,,,,,
2019,2,Male,1421,1053,933,814,878,947,956,973,664,489,363,340,266,250,232,222,192,161,150,145,137,117,119,106,78,66,64,50,37,27,18,15,,12.0,,,,,,,
2019,3,Male,1480,1118,928,819,918,916,925,983,715,532,348,354,284,257,228,231,183,174,148,140,145,124,114,112,79,71,66,48,37,30,20,14,,11.0,,,,,,,
2019,4,Male,1669,1160,948,831,873,903,913,981,829,566,369,353,306,265,241,225,195,175,158,137,154,120,117,117,83,74,66,50,47,30,18,13,9.0,7.0,5.0,5.0,,,,,
2019,5,Male,1774,1141,956,845,823,883,886,1001,924,575,416,356,312,269,239,226,205,184,152,149,149,130,113,112,83,76,69,59,47,29,21,10,11.0,7.0,5.0,,,,,,
2019,6,Male,1804,1135,960,852,800,858,921,979,983,574,443,359,312,275,244,219,208,183,160,143,150,135,111,113,84,79,65,55,44,29,24,10,11.0,6.0,6.0,,,,,,
2019,7,Male,1799,1123,959,854,789,851,922,963,1013,577,445,362,313,272,240,221,204,188,158,145,150,135,108,112,87,79,64,56,42,28,24,10,8.0,5.0,5.0,,,,,,
2019,8,Male,1796,1130,949,860,779,860,914,973,1012,585,450,364,306,276,243,218,205,194,158,143,146,139,109,108,86,79,64,54,41,29,23,9,8.0,5.0,5.0,,,,,,
2019,9,Male,1774,1126,950,849,777,848,920,973,1000,593,457,359,304,275,242,219,204,192,158,145,143,138,106,110,84,80,64,53,40,29,23,9,8.0,,5.0,,,,0.0,,
2019,10,Male,1524,1103,951,841,775,851,923,968,995,603,452,362,304,279,244,216,202,190,160,147,142,138,105,109,84,79,63,53,39,29,22,9,8.0,,5.0,,,,0.0,,
2019,11,Male,1341,1109,943,837,771,846,918,964,987,609,454,361,306,276,243,219,203,190,159,148,141,138,102,110,84,79,61,52,39,26,23,9,8.0,,5.0,,,,0.0,,
2019,12,Male,1266,1098,933,817,771,840,917,952,955,621,463,357,315,269,232,222,209,184,160,141,141,136,100,110,92,78,60,50,43,26,25,11,9.0,,6.0,,,,,,
2020,1,Male,1264,1082,906,825,763,838,915,952,951,620,466,358,314,264,237,220,204,189,159,140,141,133,101,112,90,76,61,46,45,27,23,12,9.0,,7.0,,,,,,
2020,2,Male,1301,1066,903,840,761,843,898,935,952,640,483,364,320,257,232,221,206,193,156,144,138,131,104,111,97,75,57,49,46,30,22,13,10.0,,8.0,,,,,,
2020,3,Male,1415,1044,941,837,760,858,878,892,962,688,520,351,336,274,238,220,219,181,164,146,135,137,110,109,98,75,68,50,40,32,28,14,11.0,,6.0,,,,,,
2020,4,Male,1561,1034,993,857,748,833,859,874,959,808,558,373,333,295,253,223,209,196,167,149,134,142,109,104,108,76,65,56,39,40,27,13,10.0,5.0,,,,,,,
2020,5,Male,1677,1009,990,866,770,775,850,866,971,902,561,412,352,298,264,231,210,197,178,144,146,140,117,99,108,78,68,59,45,37,27,16,8.0,7.0,,,,,,,
2020,6,Male,1661,1020,986,860,771,760,830,890,961,959,563,432,356,291,272,233,208,200,176,152,142,137,124,97,108,81,69,54,45,37,24,19,8.0,6.0,,5.0,,,,,
2020,7,Male,1675,1026,972,847,787,759,828,890,940,991,567,439,361,293,270,231,207,200,181,150,141,140,123,93,105,83,69,53,46,35,22,19,8.0,6.0,,5.0,,,,,
2020,8,Male,1675,1024,970,835,797,759,831,882,945,990,577,447,360,290,270,234,207,201,184,152,141,137,124,92,103,82,70,51,47,34,23,19,8.0,6.0,,,,,,,
2020,9,Male,1657,1006,980,827,792,766,811,888,937,981,583,450,354,290,269,236,207,200,183,151,141,137,123,90,104,81,70,50,47,34,22,18,8.0,6.0,,,,,,0.0,
2020,10,Male,1440,1007,973,814,791,758,814,886,931,967,593,451,354,292,270,240,206,198,181,151,142,135,123,90,104,82,69,50,47,32,22,17,8.0,6.0,,,,,,0.0,
2020,11,Male,1282,1002,973,804,783,756,810,883,926,955,601,450,352,295,270,238,207,196,177,151,143,135,122,89,106,81,70,48,46,32,21,18,8.0,5.0,,,,,,0.0,
2020,12,Male,1237,999,963,784,782,757,808,876,920,924,609,463,349,306,262,225,216,202,177,150,138,137,121,90,102,90,69,48,44,34,22,20,8.0,6.0,,,,,,,
2021,1,Male,1238,1004,950,779,771,742,809,876,921,914,609,468,346,309,254,232,217,196,182,151,135,134,121,92,102,89,67,48,41,35,23,19,9.0,6.0,,,,,,,
2021,2,Male,1274,1014,939,776,787,735,804,857,903,916,617,478,354,309,253,224,219,200,184,152,140,136,117,95,102,93,63,46,44,36,26,17,9.0,7.0,,5.0,,,,,
2021,3,Male,1437,1008,926,826,788,740,818,851,862,921,666,515,346,321,271,228,215,213,173,158,140,132,124,100,95,94,64,56,42,32,27,23,10.0,7.0,,,,,,,
2021,4,Male,1637,1011,911,867,785,718,800,827,840,923,784,539,369,317,289,247,216,206,192,160,144,131,131,98,92,100,66,57,44,32,33,23,9.0,8.0,,,,,,,
2021,5,Male,1706,1059,900,874,782,736,752,817,837,941,870,549,407,326,294,260,225,207,193,168,139,140,129,107,87,99,67,60,48,36,31,23,11.0,5.0,5.0,,,,,,
2021,6,Male,1715,1040,906,856,775,743,746,800,854,921,930,544,429,336,289,267,230,201,196,167,145,138,128,109,86,99,68,62,47,38,30,22,14.0,5.0,5.0,,,,,,
2021,7,Male,1700,1039,914,837,762,761,743,805,851,909,956,548,432,343,292,264,228,201,195,173,145,139,129,107,85,93,70,62,45,40,30,20,12.0,5.0,,,,,,,
2021,8,Male,1690,1049,915,840,756,769,741,805,849,909,950,558,435,347,290,265,229,201,192,176,146,140,128,108,85,91,67,64,45,39,29,21,11.0,5.0,,,,,,,
2021,9,Male,1676,1043,911,835,757,763,747,788,857,906,943,562,442,340,292,267,232,201,187,176,145,142,124,109,83,88,66,65,44,39,28,21,10.0,,,,,,,,
2021,10,Male,1541,1040,924,834,755,770,743,798,861,902,933,571,444,340,291,266,233,204,185,174,146,142,122,111,83,86,67,64,42,38,27,22,10.0,,,,,,,,
2021,11,Male,1350,1042,917,831,755,768,747,797,858,898,923,577,445,340,289,264,233,204,185,171,147,143,120,111,81,86,67,64,41,36,26,21,10.0,,,,,,,,
2021,12,Male,1300,1040,910,828,743,769,744,797,850,894,896,585,455,338,296,260,218,213,188,170,146,139,124,111,79,83,78,59,40,37,30,20,14.0,,,,,,,,
2022,1,Male,1305,1044,915,829,741,768,736,796,851,890,888,583,458,339,298,254,223,213,186,173,145,136,126,112,80,81,77,58,40,37,30,20,14.0,,,,,,,,
2022,2,Male,1335,1051,918,822,741,778,734,798,837,879,889,600,473,346,302,251,222,211,191,175,147,138,125,107,84,82,80,55,40,36,31,23,12.0,5.0,,,,,,,6.0
2022,3,Male,1440,1114,913,827,781,762,734,807,838,833,890,650,501,340,310,270,229,205,203,166,152,138,125,114,85,79,85,53,48,34,26,23,18.0,5.0,,,,,,,6.0
2022,4,Male,1585,1173,912,853,802,773,709,788,828,812,892,757,532,362,304,289,246,207,198,182,151,142,124,123,87,78,87,57,49,35,27,28,18.0,5.0,,,,,,,6.0
2022,5,Male,1664,1182,966,834,817,759,735,737,812,812,909,845,530,404,322,285,258,217,199,180,157,137,133,119,98,74,86,58,53,38,29,25,19.0,7.0,,,,,,,6.0
2022,6,Male,1707,1183,959,829,816,752,734,736,793,832,892,905,523,429,325,285,263,225,193,180,156,143,132,120,100,72,84,60,54,36,30,22,19.0,9.0,,,,,,,5.0
2022,7,Male,1713,1170,959,824,811,743,748,730,790,829,882,930,528,430,330,288,260,220,192,178,159,141,133,121,100,73,79,63,54,37,31,21,18.0,9.0,,,,,,,5.0
2022,8,Male,1712,1150,964,827,811,738,757,727,793,824,887,924,532,434,332,282,258,220,191,177,163,140,133,118,101,73,77,61,56,38,31,20,18.0,9.0,,,,,,,5.0
2022,9,Male,1705,1138,968,817,823,732,747,734,777,833,889,917,534,436,326,280,259,222,192,178,163,137,135,116,103,71,78,60,55,38,31,20,18.0,8.0,,,,,,,5.0
2022,10,Male,1569,1139,971,816,820,735,745,734,777,838,883,906,545,434,327,280,259,222,191,174,158,136,134,116,102,72,78,61,54,38,32,20,15.0,8.0,,,,,,,5.0
2022,11,Male,1430,1126,960,816,819,734,738,736,772,839,880,902,551,433,325,281,257,220,191,172,157,135,134,116,99,71,77,60,53,37,31,20,15.0,8.0,,,,,,,5.0
2022,12,Male,1370,1119,954,821,812,725,734,732,776,828,875,878,564,439,327,285,251,206,198,177,159,130,129,118,99,69,73,72,51,38,29,21,16.0,9.0,,,,,,,5.0
2023,1,Male,1373,1113,960,823,800,725,736,723,777,831,874,870,568,440,325,286,245,212,195,177,160,130,126,119,97,69,72,70,49,39,28,19,18.0,10.0,,,,,,,5.0
2023,2,Male,1398,1129,951,837,788,729,742,722,773,819,857,865,587,454,333,288,240,209,195,179,163,130,129,118,96,72,72,75,49,38,26,21,21.0,9.0,,,,,,,5.0
2023,3,Male,1437,1150,1007,855,778,764,737,723,790,812,819,875,640,480,328,295,258,219,191,190,156,135,126,118,105,76,68,80,49,41,27,18,20.0,15.0,,,,,,,5.0
2023,4,Male,1515,1199,1049,875,790,785,740,703,779,808,796,874,752,513,350,295,269,232,194,183,171,141,127,112,114,79,69,79,54,43,28,22,21.0,14.0,,,,,,,5.0
2023,5,Male,1514,1211,1074,909,778,799,726,720,737,795,800,892,831,510,395,309,266,250,202,184,171,147,123,124,112,88,67,79,55,45,32,24,20.0,14.0,5.0,,,,,,5.0
2023,6,Male,1431,1246,1078,898,795,788,731,715,735,780,812,876,890,511,416,315,266,253,212,177,176,147,131,120,114,90,67,78,57,46,30,26,19.0,12.0,6.0,,,,,,5.0
2023,7,Male,1403,1249,1078,893,795,781,726,725,735,780,811,866,910,516,419,318,271,250,210,177,175,154,129,119,115,90,68,73,59,46,32,26,19.0,11.0,6.0,,,,,,6.0
2016,1,MaleCastrated,20,213,367,562,836,1743,2099,2393,2341,2293,2335,2161,2117,1904,1922,1847,1812,1701,1676,1429,1373,1315,1087,1021,874,685,561,482,317,256,174,114,75.0,53.0,25.0,19.0,11.0,15.0,8.0,6.0,15.0
2016,2,MaleCastrated,29,219,378,570,849,1685,2112,2354,2360,2295,2320,2178,2111,1929,1905,1850,1815,1698,1714,1406,1342,1341,1102,1016,887,700,595,478,329,257,178,117,76.0,57.0,26.0,18.0,9.0,17.0,8.0,5.0,16.0
2016,3,MaleCastrated,50,209,369,560,799,1581,2087,2329,2465,2257,2288,2221,2100,2009,1869,1861,1800,1717,1725,1474,1315,1335,1174,1019,912,729,628,485,347,257,204,127,70.0,59.0,32.0,15.0,12.0,17.0,9.0,5.0,15.0
2016,4,MaleCastrated,51,193,341,557,731,1375,2038,2298,2484,2325,2312,2243,2127,2058,1920,1882,1837,1696,1715,1517,1363,1351,1205,1043,922,780,660,494,373,256,218,135,71.0,66.0,31.0,19.0,11.0,14.0,9.0,6.0,16.0
2016,5,MaleCastrated,38,188,319,507,720,1228,1923,2287,2470,2415,2281,2367,2152,2094,1915,1885,1906,1699,1710,1596,1351,1405,1193,1050,957,807,662,496,394,269,210,144,79.0,60.0,36.0,20.0,11.0,14.0,11.0,5.0,15.0
2016,6,MaleCastrated,29,182,308,477,738,1146,1893,2282,2485,2395,2304,2434,2153,2136,1919,1897,1901,1710,1731,1603,1359,1405,1223,1051,952,819,672,494,392,268,221,139,84.0,58.0,39.0,19.0,11.0,14.0,12.0,,16.0
2016,7,MaleCastrated,22,191,304,482,735,1111,1894,2287,2489,2391,2313,2417,2168,2137,1923,1906,1907,1707,1720,1612,1371,1395,1210,1058,941,815,673,488,387,267,220,138,80.0,56.0,39.0,20.0,11.0,14.0,11.0,5.0,15.0
2016,8,MaleCastrated,20,198,299,485,749,1089,1912,2283,2500,2386,2324,2415,2161,2138,1928,1911,1900,1705,1726,1600,1365,1390,1205,1056,937,801,678,475,392,262,209,137,76.0,57.0,39.0,18.0,12.0,14.0,9.0,5.0,16.0
2016,9,MaleCastrated,19,206,298,496,746,1084,1914,2278,2485,2383,2327,2409,2168,2123,1923,1903,1890,1714,1717,1600,1365,1391,1195,1050,927,791,679,464,391,259,208,134,76.0,55.0,40.0,15.0,12.0,14.0,8.0,5.0,13.0
2016,10,MaleCastrated,22,221,330,532,773,1112,1984,2296,2496,2380,2346,2401,2162,2146,1917,1896,1893,1710,1712,1595,1362,1381,1194,1026,926,783,671,465,382,254,208,131,75.0,54.0,40.0,14.0,12.0,14.0,7.0,,13.0
2016,11,MaleCastrated,26,227,341,535,779,1120,1996,2298,2499,2381,2331,2389,2165,2145,1916,1879,1902,1707,1698,1588,1365,1373,1186,1022,920,772,665,459,380,244,205,129,74.0,51.0,39.0,14.0,11.0,14.0,7.0,,13.0
2016,12,MaleCastrated,32,230,346,529,766,1057,1965,2273,2472,2384,2316,2347,2159,2133,1914,1902,1830,1769,1656,1631,1405,1324,1230,1033,947,807,643,502,421,261,216,143,81.0,60.0,38.0,21.0,13.0,10.0,12.0,,16.0
2017,1,MaleCastrated,45,246,394,559,814,1114,1988,2286,2498,2404,2337,2350,2175,2147,1889,1909,1828,1791,1647,1632,1404,1331,1221,1034,954,812,642,505,417,259,217,141,81.0,60.0,37.0,20.0,12.0,10.0,11.0,,16.0
2017,2,MaleCastrated,63,257,417,586,822,1125,1953,2310,2466,2424,2338,2348,2198,2130,1918,1886,1836,1792,1656,1674,1373,1315,1255,1046,951,831,648,536,414,276,216,146,82.0,61.0,39.0,22.0,12.0,8.0,13.0,,15.0
2017,3,MaleCastrated,78,258,426,595,844,1064,1840,2304,2421,2532,2300,2333,2237,2112,2022,1844,1842,1777,1683,1667,1432,1289,1267,1101,949,853,671,565,421,290,220,164,89.0,57.0,43.0,27.0,8.0,12.0,13.0,,13.0
2017,4,MaleCastrated,67,237,410,561,824,1004,1652,2258,2420,2540,2384,2348,2275,2119,2061,1898,1853,1826,1657,1661,1476,1335,1272,1139,981,857,723,595,428,313,219,182,94.0,58.0,44.0,26.0,13.0,12.0,11.0,5.0,14.0
2017,5,MaleCastrated,42,255,378,546,786,971,1519,2171,2390,2543,2466,2333,2391,2148,2106,1885,1845,1896,1676,1651,1554,1318,1340,1132,991,876,750,601,427,328,226,172,107.0,62.0,45.0,28.0,13.0,9.0,13.0,5.0,14.0
2017,6,MaleCastrated,23,255,373,553,747,1006,1421,2147,2398,2558,2443,2357,2451,2155,2148,1896,1856,1886,1703,1672,1555,1328,1340,1159,987,875,758,607,424,331,224,178,103.0,66.0,43.0,28.0,11.0,9.0,14.0,,14.0
2017,7,MaleCastrated,15,250,388,547,753,998,1395,2148,2417,2573,2428,2364,2443,2170,2143,1894,1869,1892,1698,1659,1567,1340,1332,1140,992,861,759,599,419,331,224,181,101.0,63.0,44.0,29.0,11.0,8.0,12.0,,13.0
2017,8,MaleCastrated,12,259,382,547,745,1013,1376,2154,2405,2591,2423,2367,2438,2164,2141,1904,1862,1887,1681,1657,1562,1340,1324,1136,988,849,748,589,410,332,219,180,101.0,59.0,43.0,29.0,9.0,10.0,11.0,,12.0
2017,9,MaleCastrated,11,270,400,548,753,1007,1369,2155,2405,2578,2415,2367,2430,2163,2132,1908,1854,1869,1683,1648,1563,1340,1313,1135,980,843,739,590,405,330,213,178,98.0,57.0,41.0,31.0,8.0,9.0,11.0,,12.0
2017,10,MaleCastrated,14,294,424,580,806,1056,1383,2201,2417,2590,2421,2383,2422,2161,2136,1899,1850,1875,1667,1641,1562,1321,1297,1139,971,843,729,585,397,325,210,178,96.0,57.0,39.0,30.0,8.0,9.0,10.0,,12.0
2017,11,MaleCastrated,16,297,435,589,806,1054,1376,2199,2411,2587,2419,2374,2421,2159,2137,1900,1845,1876,1661,1642,1555,1312,1292,1123,963,838,718,579,388,327,205,172,94.0,57.0,38.0,28.0,8.0,9.0,10.0,,12.0
2017,12,MaleCastrated,17,300,442,596,795,1041,1308,2159,2386,2564,2414,2354,2384,2155,2111,1890,1869,1795,1718,1599,1577,1345,1252,1160,972,857,736,568,427,348,225,181,111.0,63.0,45.0,28.0,15.0,8.0,7.0,9.0,12.0
2018,1,MaleCastrated,30,312,457,628,826,1087,1343,2174,2369,2580,2425,2366,2371,2165,2119,1866,1876,1788,1732,1587,1568,1337,1251,1152,961,857,733,562,438,347,226,176,110.0,61.0,44.0,29.0,14.0,8.0,7.0,8.0,12.0
2018,2,MaleCastrated,44,313,466,645,837,1072,1350,2106,2388,2545,2455,2357,2356,2194,2108,1896,1854,1793,1733,1597,1597,1307,1251,1171,966,867,740,562,472,342,239,170,115.0,62.0,47.0,27.0,17.0,7.0,6.0,9.0,12.0
2018,3,MaleCastrated,59,277,453,668,840,1068,1310,1999,2384,2505,2566,2314,2336,2227,2101,1989,1812,1786,1733,1625,1599,1365,1230,1173,1017,879,748,606,495,354,248,174,124.0,69.0,43.0,32.0,22.0,5.0,6.0,10.0,11.0
2018,4,MaleCastrated,56,242,445,656,773,1060,1228,1822,2334,2492,2581,2396,2354,2257,2104,2036,1860,1812,1775,1601,1592,1410,1265,1184,1059,895,759,654,518,351,273,176,139.0,70.0,41.0,37.0,19.0,9.0,6.0,7.0,12.0
2018,5,MaleCastrated,37,212,423,603,777,1001,1185,1697,2264,2472,2593,2473,2332,2361,2139,2086,1858,1789,1849,1618,1583,1487,1250,1247,1050,902,782,674,521,354,284,186,132.0,81.0,46.0,35.0,21.0,9.0,6.0,8.0,10.0
2018,6,MaleCastrated,20,201,418,598,782,958,1210,1588,2260,2469,2605,2425,2360,2424,2148,2115,1873,1803,1827,1645,1588,1494,1260,1248,1078,896,775,678,520,355,282,185,137.0,73.0,52.0,33.0,23.0,9.0,6.0,8.0,10.0
2018,7,MaleCastrated,16,195,413,610,784,985,1190,1564,2263,2473,2622,2423,2370,2415,2163,2103,1870,1809,1829,1641,1577,1512,1262,1243,1068,901,767,667,519,350,281,184,136.0,72.0,48.0,33.0,24.0,9.0,6.0,8.0,8.0
2018,8,MaleCastrated,16,198,416,614,789,989,1211,1550,2283,2475,2638,2419,2368,2422,2152,2112,1871,1808,1828,1631,1587,1504,1264,1236,1060,891,759,655,522,336,286,180,131.0,74.0,47.0,33.0,23.0,8.0,7.0,8.0,8.0
2018,9,MaleCastrated,16,203,426,614,790,996,1204,1530,2278,2472,2631,2417,2364,2425,2153,2098,1873,1800,1814,1633,1575,1500,1259,1228,1051,885,753,648,516,331,280,174,130.0,72.0,46.0,30.0,23.0,8.0,7.0,8.0,8.0
2018,10,MaleCastrated,23,215,440,644,816,1046,1250,1528,2306,2475,2626,2415,2364,2425,2141,2098,1857,1785,1816,1620,1571,1490,1251,1211,1051,870,746,644,508,332,274,172,130.0,73.0,46.0,29.0,23.0,8.0,7.0,8.0,8.0
2018,11,MaleCastrated,25,220,448,650,834,1048,1257,1520,2308,2462,2630,2405,2362,2421,2138,2090,1855,1778,1818,1612,1559,1487,1244,1209,1042,864,744,632,494,321,267,166,127.0,71.0,45.0,29.0,20.0,7.0,7.0,8.0,7.0
2018,12,MaleCastrated,28,227,449,640,825,1029,1234,1462,2271,2424,2602,2402,2342,2377,2129,2071,1850,1790,1737,1658,1536,1510,1270,1178,1060,881,765,638,488,368,280,195,135.0,79.0,49.0,34.0,21.0,12.0,5.0,6.0,11.0
2019,1,MaleCastrated,35,237,476,673,841,1052,1267,1491,2278,2412,2628,2400,2340,2362,2136,2071,1826,1800,1733,1669,1521,1504,1265,1181,1049,870,760,639,480,378,280,194,133.0,79.0,46.0,35.0,20.0,10.0,,6.0,10.0
2019,2,MaleCastrated,51,230,477,679,848,1067,1257,1499,2218,2417,2586,2435,2352,2346,2157,2054,1854,1784,1742,1673,1525,1533,1246,1175,1068,870,770,644,476,400,278,199,125.0,87.0,43.0,35.0,18.0,12.0,,5.0,11.0
2019,3,MaleCastrated,55,231,440,661,874,1044,1249,1452,2093,2418,2540,2550,2315,2324,2187,2041,1955,1749,1732,1667,1557,1532,1295,1167,1082,913,775,651,510,417,289,199,136.0,91.0,50.0,30.0,22.0,14.0,,6.0,11.0
2019,4,MaleCastrated,52,207,393,640,846,1007,1235,1378,1934,2392,2541,2564,2404,2342,2225,2066,1991,1805,1751,1702,1539,1532,1330,1200,1094,947,800,653,551,434,291,216,135.0,112.0,50.0,27.0,24.0,14.0,6.0,6.0,11.0
2019,5,MaleCastrated,22,215,339,604,805,994,1206,1335,1801,2335,2535,2574,2466,2326,2330,2098,2029,1815,1723,1774,1547,1529,1406,1182,1143,944,797,688,562,442,295,229,145.0,104.0,56.0,31.0,24.0,16.0,7.0,5.0,11.0
2019,6,MaleCastrated,11,196,324,578,807,967,1184,1359,1693,2343,2518,2609,2415,2355,2401,2114,2060,1826,1731,1758,1569,1533,1417,1186,1148,972,793,680,575,442,294,221,147.0,107.0,53.0,35.0,22.0,17.0,7.0,5.0,11.0
2019,7,MaleCastrated,9,190,316,574,805,964,1198,1355,1663,2349,2526,2608,2416,2362,2393,2128,2050,1829,1736,1762,1554,1520,1432,1191,1148,959,798,670,568,437,289,221,142.0,110.0,52.0,33.0,22.0,16.0,7.0,5.0,11.0
2019,8,MaleCastrated,6,189,319,574,811,967,1210,1366,1635,2348,2516,2625,2416,2362,2394,2118,2058,1833,1729,1757,1543,1526,1422,1193,1142,956,795,665,558,438,276,225,138.0,107.0,51.0,33.0,22.0,16.0,6.0,6.0,11.0
2019,9,MaleCastrated,7,197,325,583,814,985,1221,1361,1624,2340,2517,2615,2418,2356,2390,2117,2043,1833,1724,1749,1550,1515,1419,1191,1138,946,781,653,550,433,271,224,136.0,105.0,50.0,33.0,19.0,16.0,6.0,6.0,11.0
2019,10,MaleCastrated,10,208,339,605,828,1002,1244,1384,1614,2354,2523,2631,2414,2350,2382,2107,2043,1827,1717,1747,1540,1515,1403,1184,1121,946,765,639,540,422,269,221,131.0,102.0,50.0,33.0,18.0,16.0,6.0,6.0,11.0
2019,11,MaleCastrated,15,214,349,612,834,1018,1250,1393,1607,2355,2516,2634,2405,2346,2373,2102,2038,1818,1709,1742,1539,1510,1396,1161,1117,931,764,632,527,414,262,218,129.0,100.0,49.0,32.0,19.0,15.0,6.0,5.0,11.0
2019,12,MaleCastrated,19,217,358,607,824,1009,1237,1368,1548,2315,2487,2603,2404,2320,2334,2098,2007,1810,1718,1668,1585,1470,1420,1178,1090,965,777,651,538,396,303,222,160.0,99.0,64.0,34.0,21.0,16.0,9.0,,14.0
2020,1,MaleCastrated,29,224,369,631,846,1013,1262,1384,1564,2314,2459,2614,2398,2326,2323,2102,1998,1787,1713,1666,1591,1460,1410,1173,1090,958,767,649,535,385,306,221,159.0,94.0,64.0,36.0,21.0,15.0,8.0,,14.0
2020,2,MaleCastrated,37,216,376,644,841,1028,1263,1372,1577,2243,2465,2566,2438,2316,2307,2119,1982,1825,1683,1680,1597,1461,1441,1137,1085,975,768,656,544,378,320,224,166.0,85.0,70.0,31.0,24.0,13.0,10.0,,14.0
2020,3,MaleCastrated,48,200,385,596,826,1067,1225,1360,1550,2118,2461,2546,2529,2294,2279,2139,1981,1914,1657,1661,1606,1480,1452,1180,1082,978,812,661,557,414,332,227,165.0,99.0,71.0,35.0,23.0,15.0,9.0,,13.0
2020,4,MaleCastrated,50,171,348,546,818,1018,1188,1362,1461,1980,2416,2551,2533,2386,2283,2188,2001,1930,1731,1667,1651,1465,1450,1234,1102,1005,854,691,554,447,348,226,180.0,96.0,85.0,37.0,21.0,18.0,9.0,6.0,13.0
2020,5,MaleCastrated,39,172,327,484,774,977,1182,1348,1425,1858,2364,2541,2551,2446,2267,2290,2049,1969,1743,1642,1704,1481,1448,1307,1089,1058,851,691,578,465,348,229,186.0,103.0,77.0,44.0,25.0,19.0,9.0,7.0,13.0
2020,6,MaleCastrated,26,172,313,474,758,979,1150,1334,1460,1756,2362,2532,2595,2403,2303,2357,2046,1995,1757,1659,1690,1496,1456,1319,1087,1065,867,683,577,476,352,232,185.0,103.0,78.0,42.0,29.0,18.0,10.0,6.0,13.0
2020,7,MaleCastrated,24,170,310,477,766,995,1151,1358,1458,1735,2360,2529,2594,2408,2315,2349,2053,1987,1760,1657,1697,1490,1436,1335,1091,1063,845,693,567,471,350,228,188.0,99.0,79.0,41.0,29.0,18.0,10.0,6.0,13.0
2020,8,MaleCastrated,20,170,315,488,781,1014,1157,1364,1483,1719,2366,2527,2609,2410,2322,2353,2035,1986,1766,1649,1688,1477,1435,1327,1084,1058,844,687,555,465,351,222,187.0,95.0,76.0,42.0,29.0,18.0,10.0,5.0,14.0
2020,9,MaleCastrated,17,178,317,499,800,1020,1161,1378,1495,1713,2366,2526,2600,2399,2318,2344,2031,1972,1768,1641,1670,1482,1419,1324,1085,1045,837,682,551,457,345,216,184.0,93.0,76.0,41.0,29.0,17.0,10.0,5.0,14.0
2020,10,MaleCastrated,21,193,330,529,817,1057,1189,1394,1504,1698,2381,2516,2605,2397,2311,2341,2020,1970,1751,1637,1665,1469,1412,1314,1080,1028,840,664,552,450,333,216,180.0,91.0,74.0,40.0,28.0,17.0,10.0,5.0,14.0
2020,11,MaleCastrated,24,205,338,533,828,1064,1196,1397,1506,1691,2385,2508,2605,2390,2312,2339,2024,1960,1744,1634,1660,1461,1406,1312,1072,1025,826,655,544,442,332,215,178.0,89.0,70.0,40.0,28.0,17.0,10.0,5.0,14.0
2020,12,MaleCastrated,29,208,333,526,818,1066,1184,1380,1492,1633,2338,2474,2595,2390,2300,2300,2023,1939,1750,1642,1593,1505,1380,1338,1080,998,872,667,559,465,317,249,188.0,118.0,63.0,52.0,30.0,19.0,13.0,5.0,15.0
2021,1,MaleCastrated,28,213,359,547,840,1100,1191,1392,1504,1640,2339,2456,2603,2379,2310,2291,2034,1945,1725,1643,1589,1507,1375,1325,1080,997,868,656,556,458,306,257,183.0,116.0,62.0,50.0,31.0,18.0,13.0,,15.0
2021,2,MaleCastrated,31,205,342,562,857,1104,1217,1381,1481,1650,2282,2449,2561,2409,2305,2271,2059,1925,1757,1621,1602,1500,1375,1358,1051,992,875,675,557,475,305,272,179.0,119.0,60.0,52.0,29.0,19.0,12.0,5.0,14.0
2021,3,MaleCastrated,46,193,326,574,829,1073,1259,1348,1468,1629,2146,2447,2543,2500,2287,2243,2087,1913,1853,1604,1584,1518,1388,1373,1093,994,875,719,565,479,337,279,180.0,115.0,69.0,55.0,29.0,21.0,13.0,6.0,15.0
2021,4,MaleCastrated,33,162,300,522,780,1077,1226,1315,1463,1561,2014,2428,2537,2516,2366,2241,2149,1933,1874,1677,1603,1553,1371,1367,1147,1021,911,754,596,466,374,288,180.0,132.0,67.0,64.0,29.0,20.0,16.0,7.0,15.0
2021,5,MaleCastrated,14,147,272,491,706,1039,1199,1338,1451,1539,1909,2388,2513,2548,2418,2240,2244,1972,1902,1702,1583,1608,1390,1356,1224,1006,952,747,595,497,390,291,181.0,138.0,74.0,53.0,35.0,24.0,14.0,8.0,16.0
2021,6,MaleCastrated,9,145,269,480,685,1008,1207,1319,1441,1573,1816,2387,2510,2591,2377,2266,2312,1979,1926,1707,1603,1602,1411,1353,1243,998,956,765,586,491,392,288,179.0,138.0,73.0,53.0,32.0,28.0,15.0,9.0,15.0
2021,7,MaleCastrated,11,140,261,485,685,1011,1227,1322,1461,1567,1790,2393,2508,2593,2379,2279,2309,1986,1914,1711,1600,1602,1403,1344,1258,992,956,750,597,482,387,287,174.0,141.0,67.0,54.0,31.0,27.0,14.0,8.0,15.0
2021,8,MaleCastrated,9,137,264,500,703,1032,1231,1327,1454,1577,1763,2402,2508,2615,2369,2280,2307,1974,1919,1714,1600,1598,1394,1351,1255,987,955,742,595,475,382,287,169.0,140.0,66.0,54.0,29.0,27.0,14.0,8.0,15.0
2021,9,MaleCastrated,7,139,267,496,705,1041,1232,1329,1458,1565,1750,2406,2501,2603,2365,2270,2300,1976,1901,1708,1585,1590,1387,1328,1254,987,944,731,589,472,376,287,162.0,138.0,65.0,55.0,28.0,26.0,13.0,9.0,15.0
2021,10,MaleCastrated,9,145,288,530,756,1066,1258,1346,1476,1577,1737,2423,2489,2610,2367,2265,2292,1967,1898,1698,1571,1588,1377,1318,1246,974,930,732,571,471,369,281,161.0,133.0,65.0,56.0,26.0,24.0,13.0,8.0,15.0
2021,11,MaleCastrated,12,146,292,543,761,1068,1247,1348,1481,1577,1728,2413,2474,2614,2359,2259,2281,1962,1894,1690,1562,1580,1369,1298,1237,958,924,722,560,463,365,270,158.0,131.0,64.0,51.0,27.0,24.0,13.0,8.0,15.0
2021,12,MaleCastrated,17,149,289,546,747,1063,1244,1327,1459,1566,1672,2366,2444,2606,2361,2249,2241,1958,1880,1695,1569,1532,1404,1289,1251,985,897,764,574,472,382,267,186.0,138.0,87.0,46.0,38.0,26.0,12.0,12.0,16.0
2022,1,MaleCastrated,22,151,303,572,770,1090,1277,1312,1479,1561,1673,2368,2432,2604,2353,2257,2226,1972,1883,1673,1567,1530,1410,1279,1240,983,901,754,566,472,383,261,191.0,137.0,87.0,45.0,37.0,26.0,12.0,12.0,16.0
2022,2,MaleCastrated,29,145,312,553,792,1099,1274,1319,1477,1548,1690,2308,2441,2557,2385,2260,2211,1990,1860,1699,1543,1542,1405,1276,1271,961,907,758,588,469,398,254,207.0,136.0,93.0,44.0,38.0,24.0,15.0,11.0,17.0
2022,3,MaleCastrated,36,155,305,526,802,1061,1238,1374,1434,1537,1663,2178,2434,2526,2478,2236,2185,2025,1844,1788,1526,1527,1418,1297,1282,1002,917,762,621,480,401,272,220.0,144.0,90.0,54.0,39.0,24.0,16.0,11.0,19.0
2022,4,MaleCastrated,34,149,274,482,763,998,1256,1346,1414,1533,1599,2057,2411,2518,2494,2322,2177,2084,1863,1818,1594,1532,1458,1284,1268,1061,936,797,653,499,387,306,227.0,142.0,102.0,56.0,46.0,22.0,15.0,13.0,19.0
2022,5,MaleCastrated,21,136,234,436,721,938,1218,1337,1430,1522,1590,1935,2383,2494,2513,2393,2172,2193,1903,1836,1615,1513,1519,1292,1263,1132,911,844,647,490,405,325,226.0,138.0,113.0,58.0,37.0,25.0,20.0,12.0,20.0
2022,6,MaleCastrated,12,130,225,398,715,926,1182,1356,1400,1507,1623,1841,2378,2479,2560,2355,2203,2251,1911,1859,1625,1524,1518,1311,1263,1143,908,852,661,483,406,324,226.0,134.0,113.0,60.0,38.0,23.0,20.0,14.0,20.0
2022,7,MaleCastrated,8,135,220,402,710,931,1179,1357,1399,1527,1602,1813,2375,2479,2562,2351,2215,2249,1920,1852,1623,1520,1517,1302,1250,1159,903,848,643,499,395,318,231.0,132.0,116.0,56.0,40.0,23.0,19.0,14.0,20.0
2022,8,MaleCastrated,8,139,211,413,732,943,1195,1357,1409,1522,1616,1787,2378,2479,2586,2341,2213,2240,1911,1855,1630,1516,1510,1292,1249,1154,900,843,638,490,386,314,226.0,127.0,114.0,56.0,39.0,22.0,19.0,14.0,19.0
2022,9,MaleCastrated,8,142,209,410,729,945,1210,1360,1405,1522,1612,1765,2378,2463,2577,2330,2214,2230,1910,1837,1630,1508,1503,1296,1226,1144,897,837,634,482,383,305,225.0,126.0,111.0,55.0,39.0,22.0,19.0,13.0,20.0
2022,10,MaleCastrated,12,147,220,439,754,980,1207,1376,1407,1519,1611,1754,2389,2445,2582,2324,2199,2223,1900,1831,1619,1502,1495,1287,1213,1138,886,820,633,472,380,296,220.0,125.0,108.0,55.0,40.0,22.0,19.0,13.0,20.0
2022,11,MaleCastrated,13,149,226,447,779,993,1213,1371,1415,1520,1604,1743,2392,2434,2587,2309,2195,2217,1897,1822,1601,1499,1493,1276,1201,1122,874,811,625,466,371,293,215.0,120.0,106.0,54.0,35.0,23.0,19.0,13.0,20.0
2022,12,MaleCastrated,18,149,232,443,773,974,1209,1363,1390,1499,1591,1679,2353,2404,2577,2308,2183,2181,1893,1813,1605,1494,1444,1307,1182,1140,896,791,660,482,376,303,217.0,152.0,109.0,70.0,37.0,30.0,20.0,11.0,25.0
2023,1,MaleCastrated,23,152,235,462,800,985,1213,1382,1373,1507,1588,1687,2345,2386,2572,2304,2181,2168,1898,1825,1583,1491,1445,1312,1180,1121,899,793,648,476,375,294,213.0,153.0,114.0,69.0,36.0,28.0,20.0,10.0,25.0
2023,2,MaleCastrated,28,144,249,460,774,1002,1224,1378,1381,1498,1566,1700,2281,2379,2512,2335,2196,2148,1914,1800,1609,1475,1458,1306,1182,1150,879,791,666,483,372,303,210.0,164.0,115.0,75.0,35.0,29.0,18.0,12.0,25.0
2023,3,MaleCastrated,31,120,262,457,727,999,1192,1342,1433,1461,1543,1679,2148,2400,2465,2426,2171,2128,1943,1782,1698,1457,1444,1325,1203,1162,905,809,673,530,386,303,220.0,179.0,114.0,72.0,45.0,30.0,18.0,13.0,26.0
2023,4,MaleCastrated,30,105,247,398,673,961,1139,1351,1418,1436,1543,1596,2030,2384,2461,2443,2267,2109,2006,1795,1732,1520,1445,1368,1201,1157,957,830,703,568,403,304,250.0,177.0,115.0,81.0,48.0,36.0,18.0,12.0,29.0
2023,5,MaleCastrated,13,107,215,347,625,927,1081,1310,1408,1452,1528,1576,1930,2348,2455,2472,2325,2107,2109,1829,1757,1537,1441,1423,1214,1165,1015,829,735,560,407,322,265.0,174.0,117.0,90.0,51.0,28.0,19.0,17.0,29.0
2023,6,MaleCastrated,10,100,204,347,573,901,1073,1275,1416,1438,1506,1611,1843,2335,2453,2509,2298,2134,2166,1838,1779,1544,1450,1421,1225,1170,1038,821,742,573,403,329,260.0,182.0,111.0,91.0,52.0,31.0,18.0,17.0,30.0
2023,7,MaleCastrated,6,101,195,346,567,899,1060,1274,1417,1425,1527,1583,1814,2347,2449,2517,2293,2149,2164,1849,1772,1547,1445,1428,1219,1159,1052,815,742,560,414,323,254.0,188.0,107.0,95.0,48.0,31.0,18.0,17.0,30.0
2016,1,Female,1769,1816,1917,2173,2190,2758,2780,2955,2840,2717,2772,2479,2382,2435,2196,2128,2116,1958,1786,1539,1497,1428,1207,1063,889,772,597,462,324,269,187,141,91.0,65.0,44.0,36.0,23.0,12.0,8.0,10.0,16.0
2016,2,Female,1782,1852,1870,2184,2203,2726,2782,2920,2873,2733,2736,2502,2373,2447,2225,2094,2100,1964,1822,1572,1443,1444,1234,1086,902,771,635,452,345,270,189,150,96.0,70.0,41.0,32.0,26.0,11.0,7.0,12.0,16.0
2016,3,Female,1901,1855,1877,2088,2255,2619,2825,2864,2943,2775,2704,2543,2382,2447,2263,2125,2067,1990,1828,1627,1461,1446,1303,1078,939,791,684,478,362,291,189,162,99.0,78.0,48.0,31.0,28.0,10.0,7.0,12.0,16.0
2016,4,Female,2111,1771,1881,2008,2258,2521,2818,2932,2915,2879,2681,2631,2422,2399,2371,2120,2149,1958,1879,1691,1477,1457,1319,1153,970,809,718,488,397,294,200,159,113.0,82.0,51.0,28.0,34.0,11.0,8.0,11.0,18.0
2016,5,Female,2172,1739,1864,1979,2159,2471,2878,2889,3010,2859,2720,2728,2466,2360,2428,2163,2163,1972,1923,1718,1470,1516,1320,1166,1007,814,743,503,397,293,216,169,117.0,76.0,57.0,29.0,35.0,10.0,8.0,10.0,19.0
2016,6,Female,2156,1741,1836,1939,2208,2457,2854,2894,3023,2848,2781,2750,2495,2372,2444,2185,2176,2002,1900,1734,1477,1516,1322,1178,1012,803,736,521,394,294,213,173,121.0,75.0,57.0,26.0,32.0,11.0,9.0,10.0,19.0
2016,7,Female,2147,1744,1810,1927,2244,2431,2850,2922,3013,2872,2779,2761,2499,2356,2449,2180,2185,2017,1898,1724,1471,1505,1326,1179,1008,807,728,518,382,298,206,170,118.0,78.0,56.0,26.0,33.0,11.0,9.0,9.0,20.0
2016,8,Female,2133,1749,1799,1913,2252,2414,2861,2907,3032,2872,2769,2769,2501,2355,2438,2183,2190,2003,1896,1723,1467,1505,1323,1168,1003,806,728,506,381,293,209,164,116.0,78.0,57.0,26.0,32.0,11.0,9.0,8.0,19.0
2016,9,Female,2112,1739,1792,1906,2255,2384,2870,2899,3034,2864,2755,2768,2509,2348,2440,2172,2189,1990,1892,1721,1457,1499,1306,1162,992,805,718,501,378,284,205,161,115.0,75.0,59.0,24.0,34.0,11.0,8.0,9.0,19.0
2016,10,Female,1935,1746,1812,1928,2298,2415,2909,2903,3042,2874,2748,2762,2500,2349,2428,2163,2195,1989,1885,1699,1438,1493,1300,1158,977,804,709,494,379,277,202,157,114.0,74.0,58.0,25.0,32.0,11.0,8.0,8.0,19.0
2016,11,Female,1732,1728,1805,1930,2291,2399,2934,2891,3048,2868,2737,2746,2500,2332,2425,2151,2200,1979,1880,1691,1439,1482,1293,1157,962,798,702,485,375,273,199,152,114.0,73.0,56.0,26.0,32.0,11.0,7.0,7.0,18.0
2016,12,Female,1670,1708,1798,1920,2266,2299,2925,2865,3018,2853,2701,2748,2489,2350,2391,2158,2111,2072,1879,1725,1448,1431,1341,1161,964,828,692,527,386,272,223,155,119.0,81.0,52.0,35.0,31.0,18.0,8.0,5.0,19.0
2017,1,Female,1693,1703,1823,1949,2282,2338,2926,2883,3031,2867,2713,2762,2488,2348,2371,2171,2092,2087,1894,1724,1466,1409,1350,1144,969,826,696,529,388,275,215,157,115.0,81.0,50.0,35.0,31.0,18.0,7.0,6.0,18.0
2017,2,Female,1739,1679,1847,1922,2290,2343,2886,2882,2994,2906,2730,2713,2512,2342,2389,2196,2062,2073,1909,1760,1493,1357,1363,1153,999,834,707,567,387,292,217,153,122.0,78.0,52.0,36.0,27.0,21.0,8.0,5.0,21.0
2017,3,Female,1887,1656,1839,1935,2200,2382,2776,2932,2925,2989,2769,2709,2546,2346,2388,2242,2097,2036,1942,1779,1557,1378,1360,1209,1004,860,724,603,415,307,237,148,119.0,85.0,53.0,39.0,25.0,23.0,8.0,6.0,22.0
2017,4,Female,2010,1679,1765,1940,2091,2412,2660,2949,3012,2987,2886,2680,2620,2425,2332,2337,2086,2121,1917,1836,1612,1404,1371,1218,1073,885,735,633,414,342,243,159,118.0,91.0,58.0,41.0,24.0,25.0,9.0,8.0,21.0
2017,5,Female,2045,1667,1717,1924,2043,2326,2611,3036,2954,3067,2881,2689,2741,2474,2325,2378,2133,2148,1933,1873,1647,1397,1425,1226,1075,915,739,659,423,345,245,178,129.0,84.0,57.0,46.0,23.0,25.0,9.0,8.0,22.0
2017,6,Female,2021,1662,1731,1874,2022,2366,2608,2998,2973,3089,2864,2753,2761,2510,2346,2394,2160,2152,1959,1845,1668,1407,1419,1231,1093,927,730,647,447,341,241,175,129.0,89.0,58.0,44.0,23.0,22.0,10.0,9.0,22.0
2017,7,Female,1999,1646,1730,1845,2028,2399,2572,2993,2975,3078,2893,2755,2775,2514,2325,2394,2155,2155,1981,1844,1654,1407,1408,1229,1094,928,727,643,447,338,243,177,124.0,86.0,61.0,44.0,23.0,23.0,10.0,9.0,22.0
2017,8,Female,1985,1637,1737,1833,2035,2408,2550,3002,2962,3087,2906,2753,2773,2509,2331,2384,2158,2152,1964,1852,1648,1406,1398,1229,1083,925,720,642,439,335,240,174,122.0,83.0,59.0,42.0,22.0,23.0,10.0,9.0,22.0
2017,9,Female,1970,1629,1727,1816,2027,2403,2533,2993,2960,3066,2883,2748,2757,2507,2317,2389,2146,2144,1953,1841,1642,1401,1395,1215,1087,915,715,638,439,332,237,175,120.0,82.0,55.0,43.0,16.0,24.0,9.0,7.0,22.0
2017,10,Female,1798,1630,1741,1841,2053,2452,2535,3039,2951,3077,2888,2747,2752,2515,2321,2371,2140,2155,1936,1832,1628,1391,1401,1209,1077,899,709,624,428,329,236,175,117.0,80.0,53.0,43.0,17.0,22.0,9.0,7.0,22.0
2017,11,Female,1665,1618,1734,1831,2055,2438,2513,3043,2946,3073,2880,2743,2736,2510,2309,2366,2129,2149,1921,1819,1621,1390,1393,1199,1068,887,703,615,420,324,238,174,114.0,80.0,51.0,43.0,17.0,22.0,8.0,6.0,23.0
2017,12,Female,1616,1598,1715,1823,2041,2413,2412,3023,2924,3052,2852,2714,2718,2500,2317,2321,2122,2059,1998,1806,1661,1400,1349,1246,1066,885,727,593,450,342,237,188,119.0,89.0,58.0,39.0,24.0,21.0,14.0,7.0,22.0
2018,1,Female,1606,1619,1709,1839,2066,2419,2415,3015,2934,3051,2875,2730,2731,2477,2315,2305,2134,2032,2007,1805,1653,1414,1326,1250,1046,889,720,594,451,341,236,181,119.0,81.0,58.0,36.0,24.0,20.0,14.0,6.0,22.0
2018,2,Female,1670,1623,1692,1865,2053,2416,2432,2976,2939,3011,2904,2743,2696,2487,2319,2316,2159,1995,1983,1819,1698,1436,1265,1271,1064,909,731,605,483,344,241,180,129.0,79.0,59.0,39.0,26.0,18.0,15.0,6.0,22.0
2018,3,Female,1833,1644,1649,1881,2053,2302,2489,2836,2995,2941,2979,2761,2691,2509,2320,2330,2187,2036,1949,1853,1687,1495,1293,1265,1123,925,754,625,507,368,251,201,122.0,85.0,63.0,38.0,29.0,19.0,15.0,6.0,23.0
2018,4,Female,1912,1633,1645,1801,2049,2203,2510,2717,2991,3020,2980,2865,2657,2570,2396,2288,2266,2027,2042,1802,1748,1549,1314,1273,1130,984,795,633,545,362,284,207,129.0,87.0,65.0,38.0,35.0,17.0,16.0,7.0,24.0
2018,5,Female,2028,1603,1614,1763,1996,2170,2425,2675,3083,2979,3065,2844,2675,2682,2429,2279,2297,2067,2073,1813,1786,1560,1312,1320,1138,988,819,635,575,359,286,205,147.0,96.0,62.0,38.0,38.0,17.0,17.0,7.0,25.0
2018,6,Female,2039,1576,1620,1765,1922,2146,2462,2664,3031,2994,3096,2842,2725,2699,2460,2292,2306,2097,2068,1851,1755,1572,1337,1312,1141,1003,820,629,569,365,287,204,142.0,96.0,65.0,39.0,37.0,17.0,15.0,8.0,25.0
2018,7,Female,2037,1570,1606,1762,1893,2180,2501,2642,3035,3001,3074,2873,2728,2708,2457,2277,2324,2093,2073,1865,1750,1566,1333,1307,1136,1007,828,630,566,360,287,206,142.0,93.0,61.0,40.0,37.0,15.0,16.0,8.0,23.0
2018,8,Female,2047,1549,1599,1769,1885,2193,2511,2619,3058,2990,3093,2881,2717,2704,2448,2271,2316,2095,2067,1855,1755,1558,1326,1308,1130,988,821,627,564,355,284,205,143.0,91.0,59.0,40.0,36.0,14.0,16.0,7.0,23.0
2018,9,Female,2040,1546,1594,1756,1881,2200,2510,2592,3055,2988,3076,2863,2713,2691,2440,2265,2317,2081,2058,1834,1747,1553,1319,1304,1106,986,816,629,559,351,284,203,143.0,86.0,58.0,38.0,35.0,12.0,18.0,7.0,23.0
2018,10,Female,1848,1551,1612,1775,1912,2224,2542,2587,3079,2973,3070,2866,2712,2679,2438,2262,2289,2072,2068,1832,1735,1537,1305,1303,1094,975,803,626,549,344,279,198,139.0,84.0,57.0,39.0,33.0,13.0,18.0,6.0,23.0
2018,11,Female,1681,1543,1603,1763,1911,2233,2534,2566,3093,2963,3061,2861,2711,2679,2432,2251,2287,2050,2065,1816,1729,1521,1298,1283,1087,967,792,621,544,339,271,196,135.0,83.0,57.0,35.0,34.0,13.0,17.0,6.0,23.0
2018,12,Female,1623,1531,1594,1743,1915,2210,2518,2446,3078,2943,3041,2855,2689,2671,2420,2240,2252,2043,1965,1904,1701,1558,1297,1253,1132,955,804,638,537,366,291,197,151.0,85.0,63.0,44.0,29.0,18.0,16.0,9.0,24.0
2019,1,Female,1624,1523,1618,1756,1930,2232,2518,2464,3067,2939,3033,2862,2684,2678,2395,2243,2230,2058,1940,1911,1709,1558,1305,1229,1139,935,806,628,537,364,287,194,153.0,86.0,62.0,41.0,27.0,18.0,15.0,9.0,23.0
2019,2,Female,1602,1544,1627,1734,1978,2195,2521,2484,3019,2941,2991,2888,2700,2634,2402,2248,2238,2075,1911,1892,1725,1591,1322,1183,1160,949,824,637,542,394,288,203,146.0,96.0,61.0,42.0,25.0,21.0,15.0,10.0,23.0
2019,3,Female,1634,1584,1640,1710,1980,2185,2411,2546,2901,2986,2913,2967,2707,2626,2446,2240,2254,2093,1956,1859,1760,1588,1391,1218,1138,1002,838,661,560,428,298,211,163.0,99.0,63.0,44.0,22.0,24.0,15.0,12.0,19.0
2019,4,Female,1786,1532,1603,1709,1905,2156,2297,2605,2759,3011,2973,2975,2816,2597,2497,2322,2216,2176,1938,1954,1725,1643,1451,1236,1162,1009,894,695,553,462,298,235,172.0,103.0,63.0,52.0,21.0,29.0,15.0,12.0,21.0
2019,5,Female,1806,1570,1549,1654,1848,2105,2265,2523,2715,3102,2942,3053,2817,2607,2609,2354,2205,2220,1983,1980,1727,1684,1465,1232,1212,1031,890,728,554,483,300,234,177.0,118.0,70.0,51.0,21.0,28.0,17.0,12.0,21.0
2019,6,Female,1793,1575,1524,1629,1843,2031,2250,2564,2699,3059,2972,3057,2819,2671,2613,2385,2213,2234,2016,1972,1760,1664,1468,1253,1205,1033,905,733,549,488,303,232,174.0,117.0,72.0,53.0,23.0,28.0,17.0,10.0,21.0
2019,7,Female,1779,1575,1522,1608,1858,2002,2276,2579,2677,3046,2975,3043,2851,2674,2619,2387,2209,2247,2006,1971,1776,1647,1459,1257,1199,1028,901,733,551,480,298,228,174.0,117.0,70.0,51.0,24.0,29.0,16.0,10.0,20.0
2019,8,Female,1774,1583,1504,1603,1871,2006,2294,2589,2646,3064,2973,3056,2861,2663,2623,2383,2208,2241,2005,1972,1762,1647,1451,1244,1197,1024,890,735,547,470,295,224,173.0,117.0,69.0,48.0,26.0,29.0,15.0,11.0,20.0
2019,9,Female,1743,1590,1512,1596,1867,2009,2302,2590,2618,3058,2965,3054,2848,2660,2609,2378,2202,2243,1986,1957,1746,1637,1446,1240,1198,1011,891,715,544,462,290,223,165.0,114.0,67.0,49.0,24.0,30.0,13.0,12.0,20.0
2019,10,Female,1586,1581,1516,1607,1871,2024,2305,2602,2612,3068,2950,3045,2848,2653,2605,2378,2197,2224,1973,1963,1739,1618,1437,1226,1199,999,874,707,538,452,286,220,160.0,111.0,66.0,49.0,24.0,26.0,14.0,12.0,19.0
2019,11,Female,1449,1560,1526,1608,1867,2034,2327,2600,2591,3073,2938,3044,2843,2652,2605,2377,2176,2210,1953,1959,1719,1616,1429,1222,1186,992,867,696,527,443,280,208,161.0,108.0,65.0,50.0,24.0,25.0,14.0,12.0,18.0
2019,12,Female,1398,1541,1524,1593,1852,2041,2296,2569,2476,3049,2925,3010,2828,2641,2593,2354,2169,2171,1953,1871,1803,1597,1464,1213,1164,1032,859,706,551,433,308,222,161.0,124.0,69.0,54.0,34.0,24.0,11.0,15.0,21.0
2020,1,Female,1394,1536,1520,1620,1843,2060,2312,2548,2488,3036,2921,3007,2828,2642,2596,2336,2172,2136,1966,1848,1809,1593,1463,1214,1147,1039,842,708,550,431,300,224,156.0,122.0,72.0,53.0,33.0,25.0,11.0,15.0,21.0
2020,2,Female,1455,1471,1555,1630,1814,2106,2273,2531,2512,2999,2933,2955,2860,2649,2556,2341,2183,2138,1990,1821,1784,1620,1490,1226,1100,1061,854,720,560,448,317,232,161.0,118.0,81.0,51.0,33.0,23.0,12.0,13.0,22.0
2020,3,Female,1560,1414,1582,1628,1797,2101,2259,2420,2598,2885,2959,2897,2921,2673,2556,2361,2174,2169,2019,1854,1759,1662,1492,1285,1145,1029,903,738,574,472,347,238,170.0,124.0,80.0,51.0,39.0,18.0,15.0,14.0,21.0
2020,4,Female,1688,1455,1531,1617,1749,2010,2221,2350,2615,2750,2990,2957,2925,2771,2536,2404,2255,2132,2093,1855,1861,1625,1533,1348,1158,1049,907,798,598,461,383,238,182.0,130.0,83.0,53.0,45.0,19.0,18.0,12.0,23.0
2020,5,Female,1744,1389,1550,1571,1696,1951,2170,2345,2519,2726,3067,2936,2978,2794,2563,2517,2287,2124,2122,1899,1882,1628,1565,1365,1147,1104,917,794,636,456,409,236,181.0,135.0,92.0,58.0,45.0,20.0,19.0,10.0,23.0
2020,6,Female,1730,1376,1532,1561,1703,1920,2134,2329,2574,2706,3029,2961,3010,2799,2623,2524,2323,2145,2125,1925,1878,1657,1543,1371,1161,1105,907,807,640,460,400,239,178.0,131.0,90.0,59.0,44.0,21.0,19.0,10.0,23.0
2020,7,Female,1742,1368,1535,1539,1691,1939,2130,2345,2600,2675,3030,2976,2999,2821,2628,2547,2311,2134,2131,1911,1880,1667,1526,1367,1166,1091,905,799,642,458,393,238,171.0,130.0,91.0,57.0,45.0,20.0,20.0,10.0,23.0
2020,8,Female,1738,1365,1546,1540,1698,1957,2152,2363,2616,2641,3052,2959,3015,2827,2619,2550,2304,2134,2131,1912,1879,1652,1533,1364,1147,1094,908,781,640,452,387,238,167.0,130.0,90.0,57.0,41.0,21.0,20.0,10.0,24.0
2020,9,Female,1745,1348,1565,1540,1687,1968,2161,2374,2613,2618,3045,2965,3009,2811,2610,2536,2304,2126,2133,1894,1872,1642,1521,1360,1141,1088,892,781,631,452,380,236,166.0,128.0,91.0,56.0,42.0,20.0,20.0,8.0,26.0
2020,10,Female,1607,1355,1573,1550,1692,1982,2177,2380,2627,2608,3051,2935,2990,2795,2604,2517,2300,2115,2112,1886,1860,1624,1509,1347,1131,1082,875,770,620,451,371,232,168.0,126.0,88.0,55.0,41.0,20.0,18.0,9.0,26.0
2020,11,Female,1498,1355,1575,1557,1698,1978,2181,2374,2619,2589,3068,2917,2988,2779,2597,2510,2295,2100,2101,1862,1856,1613,1500,1322,1121,1067,864,762,609,447,367,233,163.0,126.0,83.0,55.0,39.0,20.0,18.0,9.0,26.0
2020,12,Female,1468,1361,1561,1555,1695,1966,2163,2361,2590,2491,3048,2906,2978,2753,2593,2508,2271,2096,2068,1870,1770,1690,1475,1366,1110,1059,897,761,617,466,361,253,181.0,123.0,94.0,54.0,42.0,29.0,18.0,8.0,32.0
2021,1,Female,1488,1365,1571,1554,1729,1967,2203,2362,2575,2512,3014,2897,2974,2744,2589,2514,2254,2098,2038,1872,1750,1678,1483,1350,1115,1043,899,745,622,466,356,249,187.0,118.0,89.0,57.0,40.0,27.0,17.0,9.0,32.0
2021,2,Female,1521,1385,1509,1597,1741,1945,2254,2316,2545,2526,2982,2894,2915,2783,2584,2490,2256,2101,2032,1895,1730,1655,1506,1378,1124,1007,918,751,635,480,368,264,195.0,119.0,89.0,61.0,40.0,27.0,18.0,10.0,32.0
2021,3,Female,1616,1404,1446,1653,1722,1908,2250,2313,2452,2602,2848,2931,2841,2857,2605,2505,2282,2091,2074,1928,1750,1624,1548,1377,1167,1052,906,799,638,500,389,283,196.0,126.0,100.0,60.0,40.0,30.0,15.0,13.0,32.0
2021,4,Female,1728,1430,1465,1594,1711,1869,2157,2293,2393,2649,2721,2948,2910,2878,2695,2487,2322,2155,2059,1999,1737,1732,1525,1412,1230,1055,944,781,705,519,388,312,203.0,138.0,107.0,59.0,44.0,33.0,17.0,15.0,32.0
2021,5,Female,1793,1445,1390,1603,1660,1824,2098,2294,2410,2527,2708,3031,2896,2912,2717,2505,2442,2181,2045,2021,1797,1763,1524,1450,1248,1057,987,804,697,555,387,334,202.0,133.0,120.0,62.0,48.0,32.0,19.0,14.0,29.0
2021,6,Female,1804,1430,1375,1575,1650,1821,2055,2261,2410,2582,2702,2993,2904,2944,2702,2558,2447,2214,2058,2027,1813,1754,1546,1428,1257,1067,991,802,698,552,388,331,206.0,134.0,118.0,65.0,47.0,34.0,19.0,15.0,29.0
2021,7,Female,1773,1437,1369,1563,1644,1819,2066,2243,2426,2609,2673,2987,2910,2930,2727,2553,2467,2209,2050,2030,1804,1759,1559,1421,1251,1064,982,796,693,553,389,324,207.0,127.0,117.0,65.0,46.0,35.0,19.0,16.0,28.0
2021,8,Female,1761,1436,1362,1575,1641,1829,2075,2237,2440,2625,2652,3003,2900,2948,2739,2545,2473,2197,2043,2025,1799,1757,1547,1427,1242,1057,975,798,679,547,386,323,205.0,122.0,113.0,63.0,44.0,32.0,20.0,15.0,29.0
2021,9,Female,1736,1453,1345,1577,1634,1822,2058,2231,2434,2612,2626,2990,2891,2942,2722,2539,2456,2197,2035,2028,1778,1733,1537,1417,1239,1057,970,782,672,540,384,318,201.0,120.0,111.0,62.0,43.0,33.0,19.0,15.0,29.0
2021,10,Female,1623,1458,1365,1587,1665,1857,2068,2235,2443,2624,2615,2999,2873,2934,2720,2544,2448,2198,2025,2018,1772,1723,1525,1400,1230,1046,972,774,658,529,384,311,201.0,121.0,110.0,61.0,43.0,34.0,19.0,14.0,30.0
2021,11,Female,1527,1454,1361,1591,1664,1863,2057,2245,2432,2615,2600,3016,2858,2927,2713,2534,2442,2192,2013,2006,1753,1715,1509,1393,1222,1033,962,769,650,520,378,305,197.0,119.0,109.0,62.0,42.0,34.0,19.0,14.0,29.0
2021,12,Female,1494,1445,1363,1573,1658,1854,2040,2220,2407,2589,2510,2986,2851,2919,2691,2521,2443,2184,1991,1972,1754,1644,1570,1376,1269,1026,958,796,649,522,400,300,215.0,145.0,91.0,80.0,42.0,35.0,26.0,16.0,32.0
2022,1,Female,1486,1460,1376,1579,1671,1889,2037,2247,2432,2581,2525,2964,2844,2912,2690,2519,2448,2168,2001,1940,1754,1628,1563,1376,1263,1023,942,799,631,524,401,289,210.0,151.0,88.0,73.0,45.0,35.0,26.0,15.0,32.0
2022,2,Female,1524,1463,1401,1533,1719,1901,2021,2293,2386,2563,2532,2944,2842,2851,2723,2498,2430,2182,1994,1941,1788,1603,1548,1402,1284,1027,910,816,635,540,415,294,215.0,155.0,91.0,74.0,44.0,34.0,25.0,16.0,33.0
2022,3,Female,1625,1487,1411,1499,1750,1881,2006,2304,2358,2472,2606,2810,2890,2798,2786,2524,2433,2213,1984,1983,1818,1631,1508,1449,1285,1069,937,810,690,546,412,312,236.0,154.0,97.0,82.0,46.0,34.0,25.0,13.0,36.0
2022,4,Female,1724,1489,1429,1517,1685,1852,2005,2223,2350,2410,2646,2697,2913,2867,2810,2610,2412,2265,2051,1961,1885,1622,1607,1427,1309,1125,950,849,680,597,431,315,256.0,170.0,100.0,87.0,47.0,36.0,26.0,16.0,36.0
2022,5,Female,1745,1534,1439,1425,1679,1800,1965,2159,2358,2431,2504,2717,2977,2852,2863,2633,2415,2385,2084,1952,1918,1684,1632,1434,1337,1140,959,882,701,579,464,317,274.0,173.0,96.0,93.0,51.0,39.0,25.0,16.0,36.0
2022,6,Female,1764,1532,1426,1401,1659,1784,1977,2122,2303,2429,2565,2704,2946,2863,2892,2624,2463,2380,2128,1968,1922,1712,1628,1456,1312,1155,961,879,700,579,459,321,267.0,176.0,98.0,91.0,50.0,39.0,28.0,16.0,35.0
2022,7,Female,1771,1513,1442,1385,1654,1777,1955,2129,2293,2442,2593,2662,2943,2870,2871,2651,2471,2389,2119,1956,1925,1699,1626,1461,1306,1147,960,862,699,572,464,317,266.0,175.0,100.0,89.0,49.0,37.0,29.0,15.0,36.0
2022,8,Female,1767,1490,1446,1384,1690,1773,1976,2141,2290,2454,2601,2637,2957,2849,2878,2657,2459,2397,2114,1947,1914,1698,1624,1444,1313,1144,949,863,701,560,464,312,262.0,173.0,97.0,87.0,48.0,37.0,27.0,15.0,36.0
2022,9,Female,1758,1469,1462,1369,1695,1768,1965,2133,2283,2453,2590,2612,2946,2843,2865,2637,2448,2380,2115,1945,1904,1685,1603,1432,1301,1139,942,859,675,563,458,304,261.0,173.0,97.0,85.0,48.0,36.0,28.0,15.0,34.0
2022,10,Female,1645,1464,1466,1375,1710,1788,1977,2137,2277,2456,2601,2591,2952,2821,2855,2630,2452,2365,2112,1936,1890,1672,1597,1421,1287,1126,932,858,668,552,448,304,259.0,172.0,99.0,85.0,47.0,35.0,29.0,15.0,32.0
2022,11,Female,1559,1450,1458,1382,1717,1808,1978,2137,2280,2452,2593,2587,2956,2814,2852,2619,2447,2357,2105,1924,1884,1653,1597,1403,1272,1107,932,841,656,544,444,301,250.0,170.0,100.0,85.0,44.0,34.0,30.0,15.0,32.0
2022,12,Female,1531,1439,1456,1383,1701,1813,1957,2121,2265,2436,2571,2493,2923,2823,2843,2599,2440,2352,2095,1924,1847,1662,1534,1463,1253,1157,923,849,677,539,449,330,242.0,180.0,124.0,77.0,59.0,33.0,30.0,22.0,37.0
2023,1,Female,1534,1425,1478,1404,1701,1806,2004,2107,2294,2445,2547,2505,2903,2811,2836,2601,2434,2359,2084,1931,1820,1670,1518,1448,1250,1153,921,833,679,522,448,336,232.0,174.0,130.0,76.0,58.0,33.0,29.0,22.0,36.0
2023,2,Female,1538,1442,1474,1424,1635,1849,2010,2081,2332,2399,2540,2498,2886,2800,2786,2640,2416,2342,2088,1925,1830,1688,1498,1444,1273,1165,919,805,693,530,461,343,246.0,180.0,128.0,76.0,61.0,33.0,28.0,22.0,36.0
2023,3,Female,1531,1471,1475,1450,1583,1878,1974,2087,2331,2381,2463,2575,2754,2849,2717,2702,2446,2349,2116,1900,1870,1712,1548,1384,1348,1158,966,825,699,581,466,347,259.0,196.0,128.0,82.0,66.0,34.0,27.0,24.0,37.0
2023,4,Female,1537,1492,1456,1470,1591,1812,1954,2090,2244,2366,2416,2608,2660,2859,2785,2730,2527,2330,2195,1952,1861,1776,1540,1487,1311,1188,1020,854,727,583,506,368,258.0,204.0,141.0,89.0,70.0,31.0,28.0,24.0,41.0
2023,5,Female,1511,1503,1484,1460,1504,1808,1910,2050,2219,2361,2440,2484,2680,2912,2782,2790,2554,2340,2297,1982,1853,1803,1591,1505,1325,1208,1038,859,760,598,494,391,260.0,219.0,138.0,87.0,79.0,37.0,29.0,24.0,41.0
2023,6,Female,1446,1516,1479,1432,1486,1781,1888,2068,2176,2317,2436,2537,2653,2880,2796,2823,2548,2389,2294,2028,1872,1796,1620,1509,1342,1187,1054,862,760,602,496,389,259.0,213.0,146.0,86.0,75.0,38.0,29.0,26.0,40.0
2023,7,Female,1413,1524,1459,1449,1475,1767,1880,2050,2182,2310,2441,2565,2624,2865,2810,2800,2576,2397,2300,2022,1869,1800,1606,1514,1354,1191,1042,870,757,600,494,395,260.0,213.0,146.0,86.0,74.0,37.0,29.0,26.0,41.0
